Name	Party	Twitter	State	Position
Chad Chig Martin	Democratic	https://www.twitter.com/chadchig	Alabama	
Christian Horn	Republican	https://www.twitter.com/ChrisHornforAL	Alabama	
Dean Odle	Republican	https://www.twitter.com/PastorDean67	Alabama	
Doug Smith	Democratic	https://www.twitter.com/sdoug_smith	Alabama	
Harry Still III	Republican	https://www.twitter.com/Backwoodssouth2	Alabama	
Jeremy Oden	Republican	https://www.twitter.com/JeremyHOdenPSC	Alabama	Secretary of State
Jim Zeigler	Republican	https://www.twitter.com/jimzeigler	Alabama	Secretary of State
John Hammock	Republican	https://www.twitter.com/john_hammock	Alabama	
John Roberts	Republican	https://www.twitter.com/johnrobertsal	Alabama	
Kay Ivey	Republican	https://www.twitter.com/kayiveyforgov	Alabama	Governor
Lew Burdette	Republican	https://www.twitter.com/VoteLEWin22	Alabama	
Lynda Blanchard	Republican	https://www.twitter.com/Blanchard4Gov	Alabama	
Patrick Wallace		https://www.twitter.com/Patrick4boe	Alabama	Secretary of State
Rick Pate	Republican	https://www.twitter.com/RickPate9	Alabama	Secretary of State
Robin Litaker	Republican	https://www.twitter.com/RobinforPSC2	Alabama	
Rusty Glover	Republican	https://www.twitter.com/voteglover	Alabama	
Stacy George	Republican	https://www.twitter.com/georgestacylee	Alabama	Secretary of State
Stan Cooke	Republican	https://www.twitter.com/StanCooke	Alabama	Secretary of State
Stephen McLamb	Republican	https://www.twitter.com/SMcLambWAFF	Alabama	
Steve Marshall	Republican	https://www.twitter.com/SteveMarshallAL	Alabama	Secretary of State
Tim James	Republican	https://www.twitter.com/TimJamesGov	Alabama	
Wes Allen	Republican	https://www.twitter.com/RepWesAllen	Alabama	Secretary of State
Will Ainsworth	Republican	https://www.twitter.com/willainsworthAL	Alabama	Governor
Yolanda Flowers	Democratic	https://www.twitter.com/Yolandaforgov	Alabama	Governor
Bill Walker		https://www.twitter.com/billwalkerak	Alaska	
Heidi Drygas		https://www.twitter.com/heididrygas	Alaska	Governor
Les Gara	Democratic	https://www.twitter.com/LesGara_InAK	Alaska	Governor
Mike Dunleavy	Republican	https://www.twitter.com/MikeDunleavyGov	Alaska	Governor
Aaron Lieberman	Democratic	https://www.twitter.com/aaron4az	Arizona	Governor
Abraham Hamadeh	Republican	https://www.twitter.com/abrahamhamadeh	Arizona	Secretary of State
Adrian Fontes	Democratic	https://www.twitter.com/Adrian_Fontes	Arizona	Secretary of State
Andrew W. Gould	Republican	https://www.twitter.com/GouldforAG	Arizona	Secretary of State
Beau Lane	Republican	https://www.twitter.com/beauforaz	Arizona	Secretary of State
Dawn Grove	Republican	https://www.twitter.com/DawnGroveforAZ	Arizona	Secretary of State
Jeff Weninger	Republican	https://www.twitter.com/JeffWeninger	Arizona	Secretary of State
Kari Lake	Republican	https://www.twitter.com/KariLake	Arizona	Governor
Karrin Taylor Robson	Republican	https://www.twitter.com/KTaylorRobson	Arizona	Governor
Kathy Hoffman	Democratic	https://www.twitter.com/kathyhoffman_az	Arizona	Secretary of State
Katie Hobbs	Democratic	https://www.twitter.com/katiehobbs	Arizona	Governor
Kim Owens	Republican	https://www.twitter.com/kimowens	Arizona	Secretary of State
Kimberly Yee	Republican	https://www.twitter.com/AZTreasury	Arizona	Secretary of State
Kris Mayes	Democratic	https://www.twitter.com/krismayes	Arizona	Secretary of State
Lacy Cooper	Republican	https://www.twitter.com/Lacy_Cooper	Arizona	Secretary of State
Lauren Kuby	Democratic	https://www.twitter.com/LaurenKuby	Arizona	Secretary of State
Marco Lopez	Democratic	https://www.twitter.com/1marcolopez	Arizona	Governor
Mark Finchem	Republican	https://www.twitter.com/markfinchem	Arizona	Secretary of State
Matt Salmon	Republican	https://www.twitter.com/MattSalmonAZ	Arizona	Governor
Michelle Udall	Republican	https://www.twitter.com/michudall	Arizona	Secretary of State
Michelle Ugenti-Rita	Republican	https://www.twitter.com/MichelleUgenti	Arizona	Secretary of State
Paola Tulliani-Zen	Republican	https://www.twitter.com/ZforArizona	Arizona	Governor
Patrick Finerd	Republican	https://www.twitter.com/PatrickFinerd	Arizona	Governor
Paul Gosar	Republican	https://www.twitter.com/DrPaulGosar	Arizona	U.S. House
Paul Marsh	Republican	https://www.twitter.com/paulmarshforaz	Arizona	Secretary of State
Reginald Bolding	Democratic	https://www.twitter.com/reginaldbolding	Arizona	Secretary of State
Robert Lettieri	Republican	https://www.twitter.com/bobfortreasurer	Arizona	Secretary of State
Rodney Glassman	Republican	https://www.twitter.com/rodneyglassman	Arizona	Secretary of State
Scott Neely	Republican	https://www.twitter.com/ScottNeelyAZ	Arizona	Governor
Shawnna Bolick	Republican	https://www.twitter.com/slmbolick	Arizona	Secretary of State
Sheila Reid-Shaver		https://www.twitter.com/sshaverr	Arizona	Secretary of State
Shiry Sapir	Republican	https://www.twitter.com/shirysapir	Arizona	Secretary of State
Steve Gaynor	Republican	https://www.twitter.com/gaynorforgov	Arizona	
Tiffany Shedd	Republican	https://www.twitter.com/Tiffany_Shedd	Arizona	Secretary of State
Wade Wilson	Republican	https://www.twitter.com/writeinwade	Arizona	
William Pounds		https://www.twitter.com/wjpounds	Arizona	
Anna Beth Gorman	Democratic	https://www.twitter.com/AnnaBethforAR	Arkansas	Secretary of State
Anthony Bland	Democratic	https://www.twitter.com/BlandArk	Arkansas	Governor
Chris Bequette	Republican	https://www.twitter.com/ChrisBequetteAR	Arkansas	
Chris Jones	Democratic	https://www.twitter.com/cmjones99	Arkansas	
Dan Nelson		https://www.twitter.com/DANFORGOVERNOR	Arkansas	Governor
Dennis Milligan	Republican	https://www.twitter.com/DennisMilligan	Arkansas	Secretary of State
Doc Washburn	Republican	https://www.twitter.com/DocWashburn	Arkansas	
Doyle Webb	Republican	https://www.twitter.com/doylewebbar	Arkansas	
Eddie Joe Williams	Republican	https://www.twitter.com/goeddiejoe4sos	Arkansas	
Frank Gilbert		https://www.twitter.com/Gilbert4LtGov	Arkansas	Governor
Goldi Gaines	Democratic	https://www.twitter.com/GoldiGaines	Arkansas	Secretary of State
Greg Bledsoe	Republican	https://www.twitter.com/Bledsoe4AR	Arkansas	
James Russell	Democratic	https://www.twitter.com/Vote4Rus2022	Arkansas	
Jason Rapert	Republican	https://www.twitter.com/jasonrapert	Arkansas	
Jay Martin	Democratic	https://www.twitter.com/JayMartinforAR	Arkansas	
Jesse Gibson	Democratic	https://www.twitter.com/JesseJGibson	Arkansas	Secretary of State
John Thurston	Republican	https://www.twitter.com/ARSecofState	Arkansas	Secretary of State
Joseph Wood	Republican	https://www.twitter.com/Wood4LtGov	Arkansas	
Kelly Krout	Democratic	https://www.twitter.com/kellykrout	Arkansas	Governor
Leon Jones Jr.		https://www.twitter.com/Leon4AG	Arkansas	
Leslie Rutledge	Republican	https://www.twitter.com/LeslieRutledge	Arkansas	Governor
Mathew Pitsch	Republican	https://www.twitter.com/MatPitsch	Arkansas	
Pam Whitaker	Democratic	https://www.twitter.com/PamWhitakerAR	Arkansas	Secretary of State
Ricky Dale Harrington Jr.		https://www.twitter.com/RickDHarrington	Arkansas	Governor
Sarah Huckabee Sanders	Republican	https://www.twitter.com/SarahHuckabee	Arkansas	Governor
Simeon Snow		https://www.twitter.com/simeonsnow	Arkansas	Secretary of State
Supha Xayprasith-Mays	Democratic	https://www.twitter.com/XSupha	Arkansas	
Tim Griffin	Republican	https://www.twitter.com/LtGovTimGriffin	Arkansas	Secretary of State
Tommy Land	Republican	https://www.twitter.com/TommyLand4land	Arkansas	Secretary of State
Wendy Wood		https://www.twitter.com/wood_judge	Arkansas	
Adam Schiff	Independent	https://www.twitter.com/AdamSchiff	California	
Andrew Do	Republican	https://www.twitter.com/Do4Treasuer	California	
Anne Marie Schubert		https://www.twitter.com/SchubertForAG	California	
Anthony Fanara	Democratic	https://www.twitter.com/tonyhandlesit	California	
Anthony Trimino	Republican	https://www.twitter.com/teamtrimino	California	
Bradley Zink		https://www.twitter.com/zink_bradley	California	
Brian Dahle	Republican	https://www.twitter.com/BrianDahleCA	California	Governor
Clint Saunders	Republican	https://www.twitter.com/SaundersClint	California	
Cristian Morales	Republican	https://www.twitter.com/CMoralesCaGov	California	
Daniel Mercuri	Republican	https://www.twitter.com/Dan_Mercuri	California	
David Fennell	Republican	https://www.twitter.com/DavidFennell	California	Secretary of State
David Lozano	Republican	https://www.twitter.com/lozanoforgovca	California	
Eleni Kounalakis	Democratic	https://www.twitter.com/EleniForCA	California	Governor
Eric Early	Republican	https://www.twitter.com/EricEarly_CA	California	
Errol Webber	Republican	https://www.twitter.com/ErrolWebber	California	Secretary of State
Fiona Ma	Democratic	https://www.twitter.com/fionama	California	
Frederic Schultz	Democratic	https://www.twitter.com/FredericEsq	California	Secretary of State
Gary Blenner	Green	https://www.twitter.com/blendogg	California	
Gavin Newsom	Democratic	https://www.twitter.com/GavinNewsom	California	Governor
Greg Conlon	Republican	https://www.twitter.com/GregConlon	California	Secretary of State
Jack Guerrero	Republican	https://www.twitter.com/guerrero_cpa	California	
Jeffrey Highbear Morgan	Democratic	https://www.twitter.com/Highbear4ca	California	
Jose Altamirano	Democratic	https://www.twitter.com/altamiranoJSA	California	Secretary of State
Kevin McCarthy	Independent	https://www.twitter.com/kevinomccarthy	California	
Lance Christensen		https://www.twitter.com/lancelands	California	Secretary of State
Lanhee Chen	Republican	https://www.twitter.com/lanheechen	California	Secretary of State
Lonnie Sortor	Republican	https://www.twitter.com/LonnieSortor	California	
Luis Rodriguez	Green	https://www.twitter.com/Luis4Governor	California	
Malia Cohen	Democratic	https://www.twitter.com/MaliaCohen	California	Secretary of State
Marco Amaral		https://www.twitter.com/SupAmaral2022	California	Secretary of State
Matthew Cinquanta		https://www.twitter.com/MC50369	California	
Michael Shellenberger		https://www.twitter.com/ShellenbergerMD	California	
Mike Garcia	Independent	https://www.twitter.com/ElectMikeGarcia	California	U.S. House
Mike Thompson	Independent	https://www.twitter.com/Mike_CA05	California	
Nancy Pelosi	Independent	https://www.twitter.com/TeamPelosi	California	U.S. House
Nathalie Hrizi		https://www.twitter.com/maestracommie	California	
Nathan Hochman	Republican	https://www.twitter.com/NathanHochmanAG	California	
Rachel Hamm	Republican	https://www.twitter.com/RachelHammSOS	California	
Reinette Senum		https://www.twitter.com/ReinetteSenum	California	
Ricardo Lara	Democratic	https://www.twitter.com/RicardoLara4CA	California	
Rob Bonta	Democratic	https://www.twitter.com/bontaforag	California	
Robert Bernosky	Republican	https://www.twitter.com/votebernosky	California	Secretary of State
Robert Molnar		https://www.twitter.com/RobertJMolnar	California	
Ron Galperin	Democratic	https://www.twitter.com/Ron4CA	California	
Serge Fiankan		https://www.twitter.com/Sergefiankan	California	
Shawn Collins	Republican	https://www.twitter.com/shawncollins4ca	California	
Shirley Weber	Democratic	https://www.twitter.com/DrWeber4CA	California	Secretary of State
Tom McClintock	Independent	https://www.twitter.com/tommcclintock	California	U.S. House
Tony Thurmond		https://www.twitter.com/TonyThurmond	California	
Veronika Fimbres	Green	https://www.twitter.com/veronika4ca	California	
William Saacke	Democratic	https://www.twitter.com/skee4gov	California	
Woodrow Sanders III		https://www.twitter.com/GovUnleashed	California	
Y. Marie Manvel		https://www.twitter.com/mariemanvel	California	
Yvonne Yiu	Democratic	https://www.twitter.com/yvonneyiu4ca	California	
Dan Maloit	Republican	https://www.twitter.com/DanMaloit	Colorado	Secretary of State
Danielle Neuschwanger	Republican	https://www.twitter.com/DanielleNeusch3	Colorado	Governor
Gary Swing		https://www.twitter.com/SwingGary2	Colorado	Secretary of State
Gavin Rainey	Republican	https://www.twitter.com/electgav	Colorado	Secretary of State
Greg Lopez	Republican	https://www.twitter.com/LopezforCO	Colorado	Governor
Heidi Ganahl	Republican	https://www.twitter.com/heidiganahl	Colorado	Governor
Jared Polis	Democratic	https://www.twitter.com/jaredpolis	Colorado	Governor
Jena Griswold	Democratic	https://www.twitter.com/JenaGriswold	Colorado	Secretary of State
Jim Rundberg	Republican	https://www.twitter.com/JimRundberg	Colorado	
John Kellner	Republican	https://www.twitter.com/JohnKellnerCO	Colorado	Secretary of State
Johnnie Nguyen	Democratic	https://www.twitter.com/JohnNguyDenver	Colorado	Secretary of State
Lang Sias	Republican	https://www.twitter.com/LangSias	Colorado	Secretary of State
Lauren Boebert	Republican	https://www.twitter.com/laurenboebert	Colorado	U.S. House
Phil Weiser	Democratic	https://www.twitter.com/pweiser	Colorado	Secretary of State
Scott Mangino	Democratic	https://www.twitter.com/ScottMangino	Colorado	
Tina Peters	Republican	https://www.twitter.com/Tinafor22	Colorado	Secretary of State
Wanda James	Democratic	https://www.twitter.com/Wanda4CU	Colorado	Secretary of State
Zachariah Burck	Republican	https://www.twitter.com/zachburck	Colorado	
Zachary Varon		https://www.twitter.com/zach5280	Colorado	Governor
Bob Stefanowski	Republican	https://www.twitter.com/bobforgovernor	Connecticut	Governor
Brock Weber	Republican	https://www.twitter.com/BrockLWeber	Connecticut	Secretary of State
Dita Bhargava	Democratic	https://www.twitter.com/ConnecticutDita	Connecticut	Secretary of State
Dominic Rapini	Republican	https://www.twitter.com/dominicforct	Connecticut	Secretary of State
Erick Russell	Democratic	https://www.twitter.com/ErickRussellCT	Connecticut	Secretary of State
Harry Arora	Republican	https://www.twitter.com/HarryForCT	Connecticut	Secretary of State
Jessica Kordas	Republican	https://www.twitter.com/Jkordas2022	Connecticut	Secretary of State
Karen DuBois-Walton	Democratic	https://www.twitter.com/DrDuBoisWalton	Connecticut	Secretary of State
Laura Devlin	Republican	https://www.twitter.com/ldevlinct	Connecticut	Governor
Maritza Bond	Democratic	https://www.twitter.com/MaritzaBondCT	Connecticut	Secretary of State
Mary Fay	Republican	https://www.twitter.com/Maryfay4CT	Connecticut	Secretary of State
Ned Lamont	Democratic	https://www.twitter.com/GovNedLamont	Connecticut	Governor
Sean Scanlon	Democratic	https://www.twitter.com/SeanScanlonCT	Connecticut	Secretary of State
Susan Bysiewicz	Democratic	https://www.twitter.com/SusanForCT	Connecticut	Governor
Susan Patricelli Regan	Republican	https://www.twitter.com/PatricelliRegan	Connecticut	Governor
Terrie Wood	Republican	https://www.twitter.com/TerrieWood	Connecticut	Secretary of State
Themis Klarides	Republican	https://www.twitter.com/RepTKlarides	Connecticut	U.S. Senate
William Tong	Democratic	https://www.twitter.com/WilliamTongCT	Connecticut	Secretary of State
Julianne Murray	Republican	https://www.twitter.com/Murray4DE	Delaware	Secretary of State
Kathy Jennings	Democratic	https://www.twitter.com/DE_DOJ	Delaware	Secretary of State
Adam Hattersley	Democratic	https://www.twitter.com/RepHattersley	Florida	Secretary of State
Amaro Lionheart	Democratic	https://www.twitter.com/Amaro_Lionheart	Florida	Governor
Annette Taddeo	Democratic	https://www.twitter.com/Annette_Taddeo	Florida	U.S. House
Anthony Sabatini	Republican	https://www.twitter.com/AnthonySabatini	Florida	U.S. House
Aramis Ayala	Democratic	https://www.twitter.com/AramisAyalaFL	Florida	Secretary of State
Ashley B. Moody	Republican	https://www.twitter.com/AshleyMoodyFL	Florida	Secretary of State
Charlie Crist	Democratic	https://www.twitter.com/CharlieCrist	Florida	Governor
Daniel Uhlfelder	Democratic	https://www.twitter.com/DWUhlfelderLaw	Florida	Secretary of State
David Nelson Freeman	Democratic	https://www.twitter.com/demforgovernor	Florida	Governor
Frank Hughes Jr.		https://www.twitter.com/HughesForFL	Florida	Governor
John Joseph Mercadante	Republican	https://www.twitter.com/john_mercadante	Florida	Governor
Kevin Parker	Democratic	https://www.twitter.com/PoliticalKev90	Florida	
Kyle Gibson		https://www.twitter.com/KCIN2018	Florida	Governor
Laura Loomer	Republican	https://www.twitter.com/Loomer4Congress	Florida	U.S. House
Matt Gaetz	Republican	https://www.twitter.com/RepMattGaetz	Florida	U.S. House
Naomi Blemur	Democratic	https://www.twitter.com/NaomiforFL	Florida	Secretary of State
Nikki Fried	Democratic	https://www.twitter.com/NikkiFriedFL	Florida	Governor
Ron DeSantis	Republican	https://www.twitter.com/RonDeSantisFL	Florida	Governor
Ryan Morales	Democratic	https://www.twitter.com/RyanForFLorida	Florida	Secretary of State
Wilton Simpson	Republican	https://www.twitter.com/WiltonSimpson	Florida	Secretary of State
Alisha Thomas Searcy	Democratic	https://www.twitter.com/AlishaTSearcy	Georgia	Secretary of State
Anne Barnes		https://www.twitter.com/JudgeAnneBarnes	Georgia	
Bee Nguyen	Democratic	https://www.twitter.com/BeeForGeorgia	Georgia	Secretary of State
Brad Raffensperger	Republican	https://www.twitter.com/GaSecofState	Georgia	Secretary of State
Brenda Nelson-Porter		https://www.twitter.com/ResearchCoach	Georgia	Secretary of State
Brian Kemp	Republican	https://www.twitter.com/BrianKempGA	Georgia	Governor
Burt Jones	Republican	https://www.twitter.com/burtjonesforga	Georgia	Governor
Butch Miller	Republican	https://www.twitter.com/butchmillerga	Georgia	
Catherine Davis	Republican	https://www.twitter.com/CathCapitol	Georgia	
Charlie Bailey	Democratic	https://www.twitter.com/Charlie4Georgia	Georgia	Governor
Chris McFadden		https://www.twitter.com/c_mcf	Georgia	
Currey Hitchens	Democratic	https://www.twitter.com/currey4GA	Georgia	Secretary of State
David Belle Isle	Republican	https://www.twitter.com/BelleIsle4GA	Georgia	
David Perdue	Republican	https://www.twitter.com/DavidPerdueGA	Georgia	Secretary of State
Derrick Jackson	Democratic	https://www.twitter.com/Jackson4Georgia	Georgia	
Drew Ferguson	Republican	https://www.twitter.com/DrewFergusonGA	Georgia	U.S. House
Elbert Bartell		https://www.twitter.com/BartellforGov	Georgia	Governor
Fitz Johnson	Republican	https://www.twitter.com/FriendsForFitz	Georgia	Secretary of State
Janice Laws Robinson	Democratic	https://www.twitter.com/JaniceForGA	Georgia	Secretary of State
Jason Hayes	Democratic	https://www.twitter.com/JasonForGA	Georgia	
Jeanne Seaver	Republican	https://www.twitter.com/seaverforltgov	Georgia	
Jen Jordan	Democratic	https://www.twitter.com/senatorjen	Georgia	Secretary of State
Jeremy Hunt	Republican	https://www.twitter.com/thejeremyhunt	Georgia	
Jody Hice	Republican	https://www.twitter.com/JodyHice	Georgia	
John Barge	Republican	https://www.twitter.com/JohnBargeGA	Georgia	Secretary of State
John Eaves		https://www.twitter.com/johneaves	Georgia	
Kandiss Taylor	Republican	https://www.twitter.com/KandissTaylor	Georgia	Secretary of State
Kolbey Gardner	Democratic	https://www.twitter.com/KolbeyGardner	Georgia	
Lester Jackson	Democratic	https://www.twitter.com/DrLGJ3	Georgia	
Mack McGregor	Republican	https://www.twitter.com/MackHMcgregor	Georgia	
Manswell Peterson	Democratic	https://www.twitter.com/manswellp	Georgia	
Marjorie Taylor Greene	Republican	https://www.twitter.com/RepMTG	Georgia	U.S. House
Missy Moore	Democratic	https://www.twitter.com/MissyMooreATL	Georgia	
Nadia Surrency	Democratic	https://www.twitter.com/NadiaSurrency	Georgia	Secretary of State
Nakita Hemingway	Democratic	https://www.twitter.com/nakitahemingway	Georgia	Secretary of State
Nicole Horn	Democratic	https://www.twitter.com/nicolehorn4ga	Georgia	
Patty Durand	Democratic	https://www.twitter.com/pattyforgapsc	Georgia	Secretary of State
Raphael Baker	Democratic	https://www.twitter.com/RaphaelBaker4GA	Georgia	
Renitta Shannon	Democratic	https://www.twitter.com/RenittaShannon	Georgia	
Ryan Graham		https://www.twitter.com/graham4ga	Georgia	Governor
Stacey Abrams	Democratic	https://www.twitter.com/staceyabrams	Georgia	Governor
Tim Echols	Republican	https://www.twitter.com/timechols	Georgia	Secretary of State
Torri M. Hudson		https://www.twitter.com/tjforga	Georgia	
Tyler Harper	Republican	https://www.twitter.com/TylerHarperGA	Georgia	Secretary of State
Vernon Jones	Republican	https://www.twitter.com/RepVernonJones	Georgia	
Wendy Davis	Democratic	https://www.twitter.com/wendy4rome	Georgia	
Josh Tenorio	Democratic	https://www.twitter.com/JoshuaTenorio2	Guam	Governor
Lou Leon Guerrero	Democratic	https://www.twitter.com/louleonguerrero	Guam	Governor
Michael F.Q. San Nicolas	Democratic	https://www.twitter.com/guamcongressman	Guam	Governor
Frank Hinshaw		https://www.twitter.com/TKHinshaw	Hawaii	Governor
Gary Cordery	Republican	https://www.twitter.com/garyforgovernor	Hawaii	Governor
Jill Tokuda	Democratic	https://www.twitter.com/jilltokuda	Hawaii	U.S. House
Joshua Green	Democratic	https://www.twitter.com/DrJoshGreen	Hawaii	Governor
Kaiali'i Kahele	Democratic	https://www.twitter.com/RepKahele	Hawaii	Governor
Kirk Caldwell	Democratic	https://www.twitter.com/mayorkirkhnl	Hawaii	
Lynn Barry Mariano	Republican	https://www.twitter.com/VoteLynnMariano	Hawaii	Governor
Mililani Trask		https://www.twitter.com/trask4oha	Hawaii	
Paul Morgan	Republican	https://www.twitter.com/pmforgovernor	Hawaii	
Seaula Tupai	Republican	https://www.twitter.com/SeaulaJrTupai	Hawaii	Governor
Sergio Alcubilla	Democratic	https://www.twitter.com/sergio4hawaii	Hawaii	U.S. House
Sherry Menor-McNamara	Democratic	https://www.twitter.com/sherry4lg	Hawaii	Governor
Vicky Cayetano	Democratic	https://www.twitter.com/VickyForGov	Hawaii	Governor
Ammon Bundy		https://www.twitter.com/RealABundy	Idaho	Governor
Arthur B. Macomber	Republican	https://www.twitter.com/Macomber4Idaho	Idaho	
Ashley Jackson	Republican	https://www.twitter.com/beashleyjackson	Idaho	
Brad Little	Republican	https://www.twitter.com/GovernorLittle	Idaho	Governor
Branden Durst	Democratic	https://www.twitter.com/brandendurst	Idaho	
Brandon Woolf	Republican	https://www.twitter.com/IdahoController	Idaho	Secretary of State
Chad Houck	Republican	https://www.twitter.com/chadhouck	Idaho	
Chantyrose Davison		https://www.twitter.com/Chantyrose	Idaho	Governor
Debbie Critchfield	Republican	https://www.twitter.com/d_critchfield	Idaho	Secretary of State
Ed Humphreys	Republican	https://www.twitter.com/EdForIdaho	Idaho	
Janice McGeachin	Republican	https://www.twitter.com/JaniceMcGeachin	Idaho	
Julie Ellsworth	Republican	https://www.twitter.com/IdahoTreasurer	Idaho	Secretary of State
Lawrence Wasden	Republican	https://www.twitter.com/lawrencewasden	Idaho	Secretary of State
Lisa Marie	Republican	https://www.twitter.com/lisareddrox	Idaho	
Luke Malek	Republican	https://www.twitter.com/LukeMalek	Idaho	
Mary Souza	Republican	https://www.twitter.com/MarySouzaIdaho	Idaho	
Melissa Sue Robinson	Democratic	https://www.twitter.com/melisrob1950	Idaho	
Miste Gardner		https://www.twitter.com/liberty4_ever	Idaho	Secretary of State
Paul Sand		https://www.twitter.com/Ampersand48	Idaho	Governor
Phil McGrane	Republican	https://www.twitter.com/mcgraneforidaho	Idaho	Secretary of State
Scott Bedke	Republican	https://www.twitter.com/scottbedke	Idaho	Governor
Shawn Keenan	Democratic	https://www.twitter.com/KnobleKaz2017	Idaho	Secretary of State
Shelby Rognstad	Democratic	https://www.twitter.com/electshelby	Idaho	
Sherri Ybarra	Republican	https://www.twitter.com/IdahoSDE	Idaho	
Stephen Heidt	Democratic	https://www.twitter.com/heidtforgov	Idaho	Governor
Terri Pickens Manweiler	Democratic	https://www.twitter.com/terri94usc	Idaho	Governor
Aaron Del Mar	Republican	https://www.twitter.com/AaronDelMar	Illinois	Governor
Alexi Giannoulias	Democratic	https://www.twitter.com/Giannoulias	Illinois	Secretary of State
Anna Valencia	Democratic	https://www.twitter.com/AnnaValenciaIL	Illinois	Secretary of State
Avery Bourne	Republican	https://www.twitter.com/AveryBourne	Illinois	Governor
Carolyn Schofield	Republican	https://www.twitter.com/carschofield	Illinois	Governor
Cheryl Erickson	Republican	https://www.twitter.com/ILGovernor4Mira	Illinois	
Christopher Roper	Republican	https://www.twitter.com/ChrisJRoper76	Illinois	
Darren Bailey	Republican	https://www.twitter.com/DarrenBaileyIL	Illinois	Governor
David Shestokas	Republican	https://www.twitter.com/shestokas	Illinois	Secretary of State
Gary Rabine	Republican	https://www.twitter.com/GaryRabine	Illinois	Governor
J.B. Pritzker	Democratic	https://www.twitter.com/JBPritzker	Illinois	Governor
Jesse Sullivan	Republican	https://www.twitter.com/JesseSullivanIL	Illinois	Governor
John H. Ehrlich	Democratic	https://www.twitter.com/ehrlich4justice	Illinois	
John Milhiser	Republican	https://www.twitter.com/Milhiser4SOS	Illinois	Secretary of State
Juliana Stratton	Democratic	https://www.twitter.com/LtGovStratton	Illinois	Governor
Keisha Smith	Republican	https://www.twitter.com/KS4AllThingsNew	Illinois	
Kwame Raoul	Democratic	https://www.twitter.com/KwameRaoul	Illinois	Secretary of State
Latasha Fields	Republican	https://www.twitter.com/LatashaHFields	Illinois	Governor
Mary Miller	Republican	https://www.twitter.com/RepMaryMiller	Illinois	
Max Solomon	Republican	https://www.twitter.com/MmaxSolomon	Illinois	Governor
Mike Frerichs	Democratic	https://www.twitter.com/ILTreasurer	Illinois	Secretary of State
Pat Dowell	Democratic	https://www.twitter.com/ILforDowell	Illinois	U.S. House
Paul Schimpf	Republican	https://www.twitter.com/PaulSchimpf	Illinois	Governor
Richard Irvin	Republican	https://www.twitter.com/RichardIrvin4IL	Illinois	
Robert Palmer	Democratic	https://www.twitter.com/robpalmerrealty	Illinois	
Shannon Teresi	Republican	https://www.twitter.com/VoteTeresi	Illinois	Secretary of State
Stephanie Trussell	Republican	https://www.twitter.com/reaganmom	Illinois	Governor
Susana Mendoza	Democratic	https://www.twitter.com/ilcomptroller	Illinois	Secretary of State
Tom Demmer	Republican	https://www.twitter.com/TomDemmer	Illinois	Secretary of State
Destiny Scott Wells	Democratic	https://www.twitter.com/TheDestinyWells	Indiana	Secretary of State
Diego Morales	Republican	https://www.twitter.com/cdiegomorales	Indiana	Secretary of State
Elise Nieshalla	Republican	https://www.twitter.com/Elise_Nieshalla	Indiana	Secretary of State
Holli Sullivan	Republican	https://www.twitter.com/HolliASullivan	Indiana	Secretary of State
Jeff Maurer		https://www.twitter.com/JMaurer1	Indiana	Secretary of State
Jim Banks	Republican	https://www.twitter.com/Jim_Banks	Indiana	
Lana Keesling	Republican	https://www.twitter.com/LanaKeeslingIN	Indiana	Secretary of State
Paul Hager	Republican	https://www.twitter.com/Hager4SOS2022	Indiana	Governor
Pete Seat	Republican	https://www.twitter.com/PeteSeat	Indiana	Secretary of State
Suzie Jaworowski	Republican	https://www.twitter.com/SuzanneJaworow1	Indiana	
Tera Klutz	Republican	https://www.twitter.com/VoteTeraKlutz	Indiana	Secretary of State
Ashley Hinson	Republican	https://www.twitter.com/hinsonashley	Iowa	U.S. House
Christina Bohannan	Democratic	https://www.twitter.com/BohannanIowa	Iowa	U.S. House
Cindy Axne	Democratic	https://www.twitter.com/RepCindyAxne	Iowa	U.S. House
Deidre DeJear	Democratic	https://www.twitter.com/DeidreDeJear	Iowa	Governor
John Norwood	Democratic	https://www.twitter.com/norwood4Iowa	Iowa	Secretary of State
Kim Reynolds	Republican	https://www.twitter.com/KimReynoldsIA	Iowa	Governor
Marco Battaglia		https://www.twitter.com/MarcoBattaglia	Iowa	Governor
Mariannette Miller-Meeks	Republican	https://www.twitter.com/RepMMM	Iowa	U.S. House
Mary Ann Hanusa	Republican	https://www.twitter.com/MaryAnnHanusa	Iowa	
Michael L. Fitzgerald	Democratic	https://www.twitter.com/IowaTreasurer	Iowa	Governor
Mike Naig	Republican	https://www.twitter.com/MikeNaigIA	Iowa	Secretary of State
Paul Pate	Republican	https://www.twitter.com/IowaSOS	Iowa	Secretary of State
Randy Feenstra	Republican	https://www.twitter.com/RepFeenstra	Iowa	U.S. House
Ras Smith	Democratic	https://www.twitter.com/rasforiowa	Iowa	
Rick Stewart		https://www.twitter.com/RickStewart	Iowa	Governor
Rob Sand	Democratic	https://www.twitter.com/robsandia	Iowa	Secretary of State
Roby Smith	Republican	https://www.twitter.com/RobySmithIA	Iowa	Secretary of State
Caryn Tyson	Republican	https://www.twitter.com/RealCarynTyson	Kansas	Secretary of State
Chase LaPorte	Republican	https://www.twitter.com/laporte_chase	Kansas	
David Toland	Democratic	https://www.twitter.com/LtGovToland	Kansas	Governor
Dennis Pyle		https://www.twitter.com/DennisPyle	Kansas	Governor
Derek Schmidt	Republican	https://www.twitter.com/DerekSchmidtKS	Kansas	Governor
Jeanna Repass	Democratic	https://www.twitter.com/JeannaRepass	Kansas	Secretary of State
Kellie Warren	Republican	https://www.twitter.com/KellieWarren4AG	Kansas	Secretary of State
Kiel Corkran	Democratic	https://www.twitter.com/Corkran4Com_KS	Kansas	Secretary of State
Kris Kobach	Republican	https://www.twitter.com/KrisKobach1787	Kansas	Secretary of State
Laura Kelly	Democratic	https://www.twitter.com/LauraKellyKS	Kansas	
Richard Karnowski	Democratic	https://www.twitter.com/Karnow4Governor	Kansas	Governor
Scott Schwab	Republican	https://www.twitter.com/KansasSOS	Kansas	Secretary of State
Seth Cordell		https://www.twitter.com/mysethcordell	Kansas	Governor
Steven C. Johnson	Republican	https://www.twitter.com/StevenJohnsonKS	Kansas	Secretary of State
Tony Mattivi	Republican	https://www.twitter.com/TonyMattivi	Kansas	Secretary of State
Vicki Schmidt	Republican	https://www.twitter.com/VickiSchmidtKS	Kansas	Secretary of State
George Washington	Republican	https://www.twitter.com/FokingGeorge	Kentucky	
Pamela R. Goodwine		https://www.twitter.com/JudgeGoodwine	Kentucky	Appeals
Stuart Ray	Republican	https://www.twitter.com/RayForCongress	Kentucky	U.S. House
Thomas Massie	Republican	https://www.twitter.com/MassieforKY	Kentucky	U.S. House
Benjamin Chipman	Democratic	https://www.twitter.com/BenChipman1	Maine	Secretary of State
Brian Langley	Republican	https://www.twitter.com/BrianDLangley	Maine	Secretary of State
Chloe Maxmin	Democratic	https://www.twitter.com/chloemaxmin	Maine	
Craig Hickman	Democratic	https://www.twitter.com/CraigHickman	Maine	Secretary of State
Eloise Vitelli	Democratic	https://www.twitter.com/evitelli	Maine	Secretary of State
Glenn Curry	Democratic	https://www.twitter.com/chipcurry207	Maine	Secretary of State
Harold Stewart	Republican	https://www.twitter.com/TreyStewartME	Maine	Secretary of State
Heather Sanborn	Democratic	https://www.twitter.com/risingtide_hbs	Maine	
Janet T. Mills	Democratic	https://www.twitter.com/GovJanetMills	Maine	Governor
Jared Golden	Democratic	https://www.twitter.com/golden4congress	Maine	U.S. House
Jo Jorgensen		https://www.twitter.com/Jorgensen4POTUS	Maine	
Joe Biden	Democratic	https://www.twitter.com/JoeBiden	Maine	Secretary of State
Mark Charles		https://www.twitter.com/wirelesshogan	Maine	
Matthea Daughtry	Democratic	https://www.twitter.com/MattieforMaine	Maine	Secretary of State
Mike Tipping	Democratic	https://www.twitter.com/miketipping	Maine	Secretary of State
Nathan Libby	Democratic	https://www.twitter.com/Nate_Libby	Maine	
Paul LePage	Republican	https://www.twitter.com/paullepage2022	Maine	Governor
Ricky LaChapelle	Republican	https://www.twitter.com/lachapelle_rick	Maine	Secretary of State
Roque De La Fuente		https://www.twitter.com/JoinRocky	Maine	
Teresa Pierce	Democratic	https://www.twitter.com/Tess2862	Maine	Secretary of State
Tom Hoefling		https://www.twitter.com/TomHoefling	Maine	
Aruna Miller	Democratic	https://www.twitter.com/arunamiller	Maryland	Governor
Ashwani Jain	Democratic	https://www.twitter.com/JainForGov	Maryland	Governor
Barry Glassman	Republican	https://www.twitter.com/harfordexec	Maryland	
Brooke Elizabeth Lierman	Democratic	https://www.twitter.com/BrookeELierman	Maryland	Secretary of State
Candace Hollingsworth	Democratic	https://www.twitter.com/mayorcbh	Maryland	Governor
Catherine C. O'Malley	Democratic	https://www.twitter.com/KatieforMD	Maryland	Secretary of State
Dan Cox	Republican	https://www.twitter.com/DanCoxEsq	Maryland	
Douglas F. Gansler	Democratic	https://www.twitter.com/DougGansler	Maryland	Governor
Gordana Schifanelli	Republican	https://www.twitter.com/gschifanelli	Maryland	Governor
Jeff Woolford	Republican	https://www.twitter.com/JeffWoolford	Maryland	Governor
Jim Shalleck	Republican	https://www.twitter.com/shalleckforag	Maryland	Secretary of State
John B. King Jr.	Democratic	https://www.twitter.com/JohnBKing	Maryland	
Jon Baron	Democratic	https://www.twitter.com/JonBaronforMD	Maryland	Governor
Kelly Schulz	Republican	https://www.twitter.com/kellymschulz	Maryland	Governor
Kyle Sefcik		https://www.twitter.com/kylesefcik	Maryland	Governor
LeRoy Yegge Jr.	Republican	https://www.twitter.com/yeggemeister	Maryland	Governor
Michael Anthony Peroutka	Republican	https://www.twitter.com/Patriots4Perou1	Maryland	Secretary of State
Michelle Siri	Democratic	https://www.twitter.com/MichelleSiri	Maryland	Governor
Monique Anderson-Walker	Democratic	https://www.twitter.com/D8Monique	Maryland	Governor
Nancy Navarro	Democratic	https://www.twitter.com/nancy_navarro	Maryland	Governor
Natalie Williams	Democratic	https://www.twitter.com/natalieformd	Maryland	Governor
Peter Franchot	Democratic	https://www.twitter.com/peterfranchot	Maryland	Governor
Robin Ficker	Republican	https://www.twitter.com/robin_ficker	Maryland	Governor
Rushern Baker III	Democratic	https://www.twitter.com/countyexecbaker	Maryland	Governor
Tim Adams	Democratic	https://www.twitter.com/vote_timadams	Maryland	Secretary of State
Tom Perez	Democratic	https://www.twitter.com/tomperez	Maryland	
Wes Moore	Democratic	https://www.twitter.com/iamwesmoore	Maryland	Governor
Adam Hinds	Democratic	https://www.twitter.com/adamghinds	Massachusetts	
Ayanna Pressley	Democratic	https://www.twitter.com/RepPressley	Massachusetts	U.S. House
Benjamin Downing	Democratic	https://www.twitter.com/BenDowningMA	Massachusetts	
Bret Bero	Democratic	https://www.twitter.com/berobret	Massachusetts	Secretary of State
Chris Dempsey	Democratic	https://www.twitter.com/cdempc	Massachusetts	Secretary of State
Chris Doughty	Republican	https://www.twitter.com/chrisforma	Massachusetts	Governor
Danielle Allen	Democratic	https://www.twitter.com/AllenforMA	Massachusetts	
Deb Goldberg	Democratic	https://www.twitter.com/DebGoldbergMA	Massachusetts	Secretary of State
Diana DiZoglio	Democratic	https://www.twitter.com/DianaDiZoglio	Massachusetts	Secretary of State
Dianna Ploss		https://www.twitter.com/Ploss4MAgov	Massachusetts	Governor
Eric Lesser	Democratic	https://www.twitter.com/EricLesser	Massachusetts	Governor
Geoff Diehl	Republican	https://www.twitter.com/repgeoffdiehl	Massachusetts	Governor
Josh Caldwell	Democratic	https://www.twitter.com/jc_gov2022	Massachusetts	
Maura Healey	Democratic	https://www.twitter.com/maura_healey	Massachusetts	Governor
Quentin Palfrey	Democratic	https://www.twitter.com/qpalfrey	Massachusetts	Secretary of State
Rayla Campbell	Republican	https://www.twitter.com/RaylaForMA	Massachusetts	Secretary of State
Ronald Beaty Jr.	Republican	https://www.twitter.com/ronbeatyjr	Massachusetts	
Sonia Chang-Diaz	Democratic	https://www.twitter.com/SoniaChangDiaz	Massachusetts	Governor
Tami Gouveia	Democratic	https://www.twitter.com/TamiGouveiaMA	Massachusetts	Governor
Articia Bomer	Republican	https://www.twitter.com/ArticiaBomer	Michigan	
Austin Chenge	Republican	https://www.twitter.com/AustinChenge	Michigan	Governor
Beau LaFave	Republican	https://www.twitter.com/BeauMattLaFave	Michigan	Secretary of State
Cindy Berry	Republican	https://www.twitter.com/CindyBerryMI	Michigan	Secretary of State
Dana Nessel	Democratic	https://www.twitter.com/dananessel	Michigan	Secretary of State
Donna Brandenburg	Republican	https://www.twitter.com/brandenburg4mi	Michigan	
Evan Space	Republican	https://www.twitter.com/governorspace	Michigan	Governor
Garrett Soldano	Republican	https://www.twitter.com/garrettsoldano	Michigan	Governor
Gretchen Whitmer	Democratic	https://www.twitter.com/GovWhitmer	Michigan	Governor
James Craig	Republican	https://www.twitter.com/chiefjecraigdpd	Michigan	
Jocelyn Benson	Democratic	https://www.twitter.com/JocelynBenson	Michigan	Secretary of State
Kevin Hogan	Green	https://www.twitter.com/KGravesGovernor	Michigan	Governor
Kevin Rinke	Republican	https://www.twitter.com/KevinRinke	Michigan	Governor
Kristina Karamo	Republican	https://www.twitter.com/KristinaKaramo	Michigan	Secretary of State
Lena Epstein	Republican	https://www.twitter.com/lenaepstein	Michigan	Secretary of State
Linda Lee Tarver	Republican	https://www.twitter.com/LindaLeeTarver	Michigan	Secretary of State
Marilyn Kelly	Democratic	https://www.twitter.com/marilynjkelly1	Michigan	Governor
Matthew DePerno	Republican	https://www.twitter.com/mdeperno	Michigan	Secretary of State
Michael Behm	Democratic	https://www.twitter.com/mikejbehm	Michigan	Secretary of State
Michael Brown	Republican	https://www.twitter.com/CaptMikeforMI	Michigan	
Mitchell Robinson	Democratic	https://www.twitter.com/mrobmused	Michigan	Secretary of State
Pamela Pugh	Democratic	https://www.twitter.com/pamlpugh	Michigan	Secretary of State
Perry Johnson	Republican	https://www.twitter.com/PJQualityGuru	Michigan	
Ralph Rebandt	Republican	https://www.twitter.com/ralphrebandt	Michigan	Governor
Renee Knake Jefferson	Democratic	https://www.twitter.com/reneeknake	Michigan	Secretary of State
Ryan Berman	Republican	https://www.twitter.com/ElectRyanBerman	Michigan	Secretary of State
Ryan Kelley	Republican	https://www.twitter.com/MICHnextgov	Michigan	Governor
Tami Carlone	Republican	https://www.twitter.com/T2CPA	Michigan	Secretary of State
Tom Leonard	Republican	https://www.twitter.com/TomLeonard28	Michigan	Secretary of State
Tudor Dixon	Republican	https://www.twitter.com/TudorDixon	Michigan	Governor
Cory Hepola		https://www.twitter.com/cory4minnesota	Minnesota	
Doug Wardlow	Republican	https://www.twitter.com/doug_wardlow	Minnesota	Secretary of State
Hugh McTavish		https://www.twitter.com/mctavish4mn	Minnesota	Governor
Ilhan Omar	Democratic	https://www.twitter.com/Ilhan	Minnesota	U.S. House
Julie Blaha	Democratic	https://www.twitter.com/julieblaha	Minnesota	Secretary of State
Kelly Jahner-Byrne	Republican	https://www.twitter.com/TheHOWGAL	Minnesota	
Kendall Qualls	Republican	https://www.twitter.com/KQforMN	Minnesota	
Kim Crockett	Republican	https://www.twitter.com/KimCrockettSOS	Minnesota	Secretary of State
Lynne Torgerson	Republican	https://www.twitter.com/lynne_torgerson	Minnesota	
Matt Birk	Republican	https://www.twitter.com/BirkMatt	Minnesota	Governor
Michelle Benson	Republican	https://www.twitter.com/SenatorBenson	Minnesota	
Mike Marti	Republican	https://www.twitter.com/mikemartiformn	Minnesota	
Mike Murphy	Republican	https://www.twitter.com/MikeMurphyForMN	Minnesota	
Neil Shah	Republican	https://www.twitter.com/neilshahmn	Minnesota	
Ole Savior	Democratic	https://www.twitter.com/OleSavior	Minnesota	Governor
Paul Gazelka	Republican	https://www.twitter.com/paulgazelka	Minnesota	
Peggy Flanagan	Democratic	https://www.twitter.com/peggyflanagan	Minnesota	Governor
Pete Stauber	Republican	https://www.twitter.com/PeteStauber	Minnesota	U.S. House
Richard Stanek	Republican	https://www.twitter.com/StanekMN	Minnesota	
Scott Jensen	Republican	https://www.twitter.com/1Creekdoc	Minnesota	
Scott Magie	Republican	https://www.twitter.com/ScottMagie	Minnesota	
Sharon Anderson	Republican	https://www.twitter.com/Sharon4Anderson	Minnesota	Secretary of State
Steve Carlson	Democratic	https://www.twitter.com/stevewcarlson	Minnesota	Secretary of State
Steve Simon	Democratic	https://www.twitter.com/MNSteveSimon	Minnesota	Secretary of State
Tim Walz	Democratic	https://www.twitter.com/Tim_Walz	Minnesota	Governor
Bennie Thompson	Democratic	https://www.twitter.com/BennieGThompson	Mississippi	U.S. House
Alan Green	Democratic	https://www.twitter.com/alangreenmo	Missouri	Secretary of State
David Gregory	Republican	https://www.twitter.com/DavidGregoryMO	Missouri	Secretary of State
Kalena Bruce	Republican	https://www.twitter.com/kalena_bruce	Missouri	U.S. House
Scott Fitzpatrick	Republican	https://www.twitter.com/FitzpatrickMO	Missouri	Secretary of State
Kevin Hamm	Democratic	https://www.twitter.com/kevhamm	Montana	
Angie Lauritsen		https://www.twitter.com/AngieLauritsen	Nebraska	Secretary of State
Anna Wishart	Democratic	https://www.twitter.com/NebraskaAnna	Nebraska	
Arron Kowalski	Republican	https://www.twitter.com/amk4956	Nebraska	
Bob Evnen	Republican	https://www.twitter.com/NEvnen	Nebraska	Secretary of State
Breland Ridenour	Republican	https://www.twitter.com/BrelandRidenour	Nebraska	
Brett Lindstrom	Republican	https://www.twitter.com/votelindstrom	Nebraska	
Carol Blood	Democratic	https://www.twitter.com/Blood4G	Nebraska	Governor
Charles Herbster	Republican	https://www.twitter.com/CWHerbster	Nebraska	
Christian Mirch		https://www.twitter.com/votemirch	Nebraska	Secretary of State
Cindy Maxwell-Ostdiek		https://www.twitter.com/CMaxwellOstdiek	Nebraska	Secretary of State
Clarice Jackson		https://www.twitter.com/voiceadvocacy	Nebraska	
Cori Villegas		https://www.twitter.com/CoriVillegasNE	Nebraska	Secretary of State
Curt Friesen	Republican	https://www.twitter.com/captaincorn	Nebraska	
Eliot Bostar	Democratic	https://www.twitter.com/BostarEliot	Nebraska	
Gene Siadek		https://www.twitter.com/gsiadek	Nebraska	Secretary of State
George Dungan III		https://www.twitter.com/George4NE	Nebraska	Secretary of State
James Herrold		https://www.twitter.com/JamesHerrold	Nebraska	
James Michael Bowers		https://www.twitter.com/Bowers4Nebraska	Nebraska	Secretary of State
Jane Raybould		https://www.twitter.com/janeraybould	Nebraska	Secretary of State
Jennifer Hicks	Republican	https://www.twitter.com/VoicesNebraska	Nebraska	Secretary of State
Jim Pillen	Republican	https://www.twitter.com/jim_pillen	Nebraska	Governor
John Cavanaugh	Democratic	https://www.twitter.com/cavanaugh4ne	Nebraska	Secretary of State
John Fredrickson		https://www.twitter.com/JohnforNE	Nebraska	Secretary of State
John Lowe	Republican	https://www.twitter.com/JohnLoweNE	Nebraska	
John McCollister	Republican	https://www.twitter.com/SenMcCollister	Nebraska	Secretary of State
John Murante	Republican	https://www.twitter.com/NeTreasurer	Nebraska	Secretary of State
Joni Albrecht	Republican	https://www.twitter.com/JoniAlbrecht1	Nebraska	
Julie Fredrickson		https://www.twitter.com/MidAmericaGal	Nebraska	
Julie Slama	Republican	https://www.twitter.com/JulieSlama1	Nebraska	
Kirk Penner		https://www.twitter.com/KirkPenner	Nebraska	Secretary of State
Larry Bolinger		https://www.twitter.com/LarryForCongres	Nebraska	Secretary of State
Lela McNinch	Republican	https://www.twitter.com/LelaMcNinch	Nebraska	
Lynne Walz	Democratic	https://www.twitter.com/lynnewalz	Nebraska	
Machaela Cavanaugh	Democratic	https://www.twitter.com/CavanaughforLeg	Nebraska	Secretary of State
Marilyn Asher		https://www.twitter.com/MarilynAsher7	Nebraska	Secretary of State
Megan Hunt	Democratic	https://www.twitter.com/402meg	Nebraska	Secretary of State
Michael Connely	Republican	https://www.twitter.com/connelysenate	Nebraska	Secretary of State
Michael Jacobson	Republican	https://www.twitter.com/mjacobson1	Nebraska	Secretary of State
Mike Hilgers	Republican	https://www.twitter.com/mikehilgers	Nebraska	Secretary of State
Mike McDonnell	Democratic	https://www.twitter.com/McDonnell4Leg	Nebraska	
Raymond Aguilar	Republican	https://www.twitter.com/Mercadiesllieb	Nebraska	
Rita Sanders	Republican	https://www.twitter.com/bellevuemayor	Nebraska	
Rob Plugge		https://www.twitter.com/RP4NE	Nebraska	
Schuyler Windham		https://www.twitter.com/SchuylerWind	Nebraska	
Steve Erdman	Republican	https://www.twitter.com/Erdman4You	Nebraska	
Stuart Dornan		https://www.twitter.com/VoteStuDornan	Nebraska	Secretary of State
Suzanne Geist	Republican	https://www.twitter.com/SenatorGeist	Nebraska	
Terrell McKinney	Democratic	https://www.twitter.com/T_McKinney2020	Nebraska	Secretary of State
Theresa Thibodeau	Republican	https://www.twitter.com/TThibodeauNE	Nebraska	
Tom Brewer	Republican	https://www.twitter.com/TomBrewerForNe	Nebraska	
Tony Vargas	Democratic	https://www.twitter.com/TonyVargas	Nebraska	U.S. House
Tyler Cappel		https://www.twitter.com/TylerCappel	Nebraska	Secretary of State
Aaron Sims	Democratic	https://www.twitter.com/simsfornevada	Nevada	Secretary of State
Alex Costa	Democratic	https://www.twitter.com/AlexCosta4NV	Nevada	
Andy Matthews	Republican	https://www.twitter.com/AndyMatthewsNV	Nevada	Secretary of State
April Arndt	Republican	https://www.twitter.com/AprilArndtNV	Nevada	
Austin Billings		https://www.twitter.com/BillingsforNV	Nevada	Governor
Barak Zilberberg	Republican	https://www.twitter.com/ZilberbergBarak	Nevada	
Bonnie Bulla		https://www.twitter.com/BonnieBulla	Nevada	Appeals
Brandon Davis		https://www.twitter.com/bdavis4liberty	Nevada	Governor
Cherlyn Arrington	Republican	https://www.twitter.com/Arrington4NV	Nevada	Secretary of State
Cisco Aguilar	Democratic	https://www.twitter.com/CiscoForNevada	Nevada	Secretary of State
Dallas Harris	Democratic	https://www.twitter.com/DallasHarrisNV	Nevada	
Dan Schwartz	Republican	https://www.twitter.com/Dan4Nevada	Nevada	Secretary of State
Daniel Patterson		https://www.twitter.com/DanPattersonUSA	Nevada	Secretary of State
David Crete		https://www.twitter.com/DaveCrete	Nevada	
Dean Heller	Republican	https://www.twitter.com/DeanHeller	Nevada	
Debra March		https://www.twitter.com/debra_march	Nevada	
Dina Neal	Democratic	https://www.twitter.com/senator_neal	Nevada	
Donald Tatro	Republican	https://www.twitter.com/TatroForNevada	Nevada	
Edgar Flores	Democratic	https://www.twitter.com/EdgarFloresNV	Nevada	Secretary of State
Ellen Spiegel	Democratic	https://www.twitter.com/EllenBSpiegel	Nevada	Secretary of State
Fabian Donate	Democratic	https://www.twitter.com/fabiandonate	Nevada	Secretary of State
Fred Simon	Republican	https://www.twitter.com/DrFredSimonMD	Nevada	
Gerard Ramalho	Republican	https://www.twitter.com/gerardramalho	Nevada	
Guy Nohra	Republican	https://www.twitter.com/NohraForNevada	Nevada	
Heidi Gansert	Republican	https://www.twitter.com/heidigansert	Nevada	
Hieu Le		https://www.twitter.com/Hieuvanle1	Nevada	
Ira Hansen	Republican	https://www.twitter.com/Irahansen	Nevada	Secretary of State
Jack Absher	Democratic	https://www.twitter.com/AbsherJT	Nevada	
James Ohrenschall	Democratic	https://www.twitter.com/Ohrenschall4NV	Nevada	Secretary of State
James Settelmeyer	Republican	https://www.twitter.com/SettelmeyerNV	Nevada	
Jeanine Dakduk		https://www.twitter.com/JeanineDakduk	Nevada	
Jennifer Fawzy	Republican	https://www.twitter.com/FawzyJennifer	Nevada	
Jesse Haw	Republican	https://www.twitter.com/haw_jesse	Nevada	
Jim Wheeler	Republican	https://www.twitter.com/wheeler4nevada	Nevada	
Joe Lombardo	Republican	https://www.twitter.com/JoeLombardoNV	Nevada	Governor
Joey Gilbert	Republican	https://www.twitter.com/joeygilbertinc	Nevada	
Joey Paulos	Republican	https://www.twitter.com/paulos4nevada	Nevada	
John Cardiff Gerhardt	Republican	https://www.twitter.com/47Cardiff	Nevada	Secretary of State
John J. Lee	Republican	https://www.twitter.com/MayorJohnLee	Nevada	
Joshua Dowden	Republican	https://www.twitter.com/dowden4nevada	Nevada	
Julie Pazina	Democratic	https://www.twitter.com/pazina_julie	Nevada	Secretary of State
Karl Catarata		https://www.twitter.com/KarlCatarata	Nevada	Secretary of State
Kimi Cole	Democratic	https://www.twitter.com/chairkimi	Nevada	Governor
Kristopher Dahir	Republican	https://www.twitter.com/KristopherDahir	Nevada	Secretary of State
Lisa Cano Burkhead	Democratic	https://www.twitter.com/LisaforNevada	Nevada	Governor
Lisa Guzman		https://www.twitter.com/LmGuzmanNV	Nevada	Secretary of State
Lisa Krasner	Republican	https://www.twitter.com/LisaKrasner4NV	Nevada	
M. Kameron Hawkins	Republican	https://www.twitter.com/AranyiCigars	Nevada	
Mack Miller	Republican	https://www.twitter.com/MackMiller4NV	Nevada	Secretary of State
Manny Kess	Republican	https://www.twitter.com/Mannykess	Nevada	
Marilyn Dondero Loop	Democratic	https://www.twitter.com/donderoloopnv	Nevada	Secretary of State
Mark Miranda	Democratic	https://www.twitter.com/MarkMir24327312	Nevada	
Melanie Scheible	Democratic	https://www.twitter.com/MelanieScheible	Nevada	Secretary of State
Michele Fiore	Republican	https://www.twitter.com/VoteFiore	Nevada	Secretary of State
Monica Stabbert	Republican	https://www.twitter.com/MJ4Nevada	Nevada	Secretary of State
Nnedi Stephens	Democratic	https://www.twitter.com/nnedifornevada	Nevada	
Patricia Spearman	Democratic	https://www.twitter.com/Senatorspearman	Nevada	Secretary of State
Peter Goicoechea	Republican	https://www.twitter.com/PeteGFacts	Nevada	
Peter Pavone	Republican	https://www.twitter.com/PavoneLt	Nevada	
Richard Scotti		https://www.twitter.com/richardfscotti	Nevada	
Roberta Lange	Democratic	https://www.twitter.com/rlange9	Nevada	
Robin Titus	Republican	https://www.twitter.com/drrobintitus	Nevada	
Scott Hammond	Republican	https://www.twitter.com/hammond4nevada	Nevada	
Sigal Chattah	Republican	https://www.twitter.com/chattahlaw	Nevada	Secretary of State
Skip Daly	Democratic	https://www.twitter.com/SkipDaly	Nevada	Secretary of State
Steve Sisolak	Democratic	https://www.twitter.com/GovSisolak	Nevada	Governor
Suzanne King		https://www.twitter.com/suzannemking	Nevada	
Tina Marie Peetris	Republican	https://www.twitter.com/TinaPeetris	Nevada	
Tisha Black	Republican	https://www.twitter.com/TishaBlack	Nevada	
Tom Heck	Republican	https://www.twitter.com/HeckforNevada	Nevada	
Tony Grady	Republican	https://www.twitter.com/tonygrady4nv	Nevada	
Trey Delap		https://www.twitter.com/Trey4NV	Nevada	Governor
Zach Conine	Democratic	https://www.twitter.com/ZConine	Nevada	Secretary of State
Bob Giuda	Republican	https://www.twitter.com/bobgiuda	New_Hampshire	
Chris Pappas	Democratic	https://www.twitter.com/ChrisPappasNH	New_Hampshire	U.S. House
Chris Sununu	Republican	https://www.twitter.com/GovChrisSununu	New_Hampshire	Governor
Donovan Fenton	Democratic	https://www.twitter.com/DonovanfentonNH	New_Hampshire	Secretary of State
Erin Hennessey	Republican	https://www.twitter.com/rephennessey	New_Hampshire	
Howard Pearl	Republican	https://www.twitter.com/HowardPearlNH	New_Hampshire	Secretary of State
Jay Kahn	Democratic	https://www.twitter.com/jaykahnnh	New_Hampshire	
Karoline Leavitt	Republican	https://www.twitter.com/kleavittnh	New_Hampshire	U.S. House
Tim Baxter	Republican	https://www.twitter.com/TimBaxterNH	New_Hampshire	U.S. House
Timothy Lang Sr.	Republican	https://www.twitter.com/tlangsr	New_Hampshire	Secretary of State
Ian Smith	Republican	https://www.twitter.com/iansmithfitness	New_Jersey	
Anastacia Golden Morper	Republican	https://www.twitter.com/AnastaciaForNM	New_Mexico	
Brian S. Coln	Democratic	https://www.twitter.com/Brian_Colon	New_Mexico	
Ethel Maharg	Republican	https://www.twitter.com/ethel_maharg	New_Mexico	
Greg Zanetti	Republican	https://www.twitter.com/greg_zanetti	New_Mexico	
Heather Benavidez	Democratic	https://www.twitter.com/hrbena	New_Mexico	
Howie Morales	Democratic	https://www.twitter.com/LtGovMorales	New_Mexico	Governor
Isabella Solis	Republican	https://www.twitter.com/Isabella4NM	New_Mexico	
Jay Block	Republican	https://www.twitter.com/Electjaycblock	New_Mexico	
Joseph Maestas	Democratic	https://www.twitter.com/Maestas4NM	New_Mexico	Secretary of State
Laura Montoya	Democratic	https://www.twitter.com/LauraM4NM	New_Mexico	Secretary of State
Maggie Toulouse Oliver	Democratic	https://www.twitter.com/NMSOSMaggie	New_Mexico	Secretary of State
Mark Ronchetti	Republican	https://www.twitter.com/MarkRonchettiNM	New_Mexico	Governor
Michelle Lujan Grisham	Democratic	https://www.twitter.com/Michelle4NM	New_Mexico	Governor
Raul Torrez	Democratic	https://www.twitter.com/TorrezforNM	New_Mexico	Secretary of State
Rebecca Dow	Republican	https://www.twitter.com/dowfornm	New_Mexico	
Robert Vaillancourt		https://www.twitter.com/opietaylor007	New_Mexico	Secretary of State
Stephanie Garcia Richard	Democratic	https://www.twitter.com/SGR4NM	New_Mexico	Secretary of State
Zackary Quintero	Democratic	https://www.twitter.com/ZQforNM	New_Mexico	
Agha Muhammad Saleh	Democratic	https://www.twitter.com/Agha4Governor	New_York	
Alessandra Biaggi	Democratic	https://www.twitter.com/Biaggi4NY	New_York	U.S. House
Alexis Weik	Republican	https://www.twitter.com/AlexisWeik	New_York	Secretary of State
Alison Esposito	Republican	https://www.twitter.com/EspositoforNY	New_York	Governor
Ana Maria Archila		https://www.twitter.com/anamariaforny	New_York	Governor
Andrea Smyth	Democratic	https://www.twitter.com/Andrea4senate46	New_York	Secretary of State
Andrea Stewart-Cousins	Democratic	https://www.twitter.com/AndreaSCousins	New_York	Secretary of State
Andrew Giuliani	Republican	https://www.twitter.com/AndrewHGiuliani	New_York	Governor
Andrew Lanza	Republican	https://www.twitter.com/senatorlanza	New_York	Secretary of State
Angel Vasquez	Democratic	https://www.twitter.com/vasqueznysenate	New_York	Secretary of State
Anna Kaplan	Democratic	https://www.twitter.com/AnnaMKaplan	New_York	Secretary of State
Anthony Palumbo	Republican	https://www.twitter.com/AnthonyHPalumbo	New_York	Secretary of State
Brian Benjamin	Democratic	https://www.twitter.com/NewYorkLtGov	New_York	Secretary of State
Brian Kavanagh	Democratic	https://www.twitter.com/BrianKavanaghNY	New_York	Secretary of State
Christian Amato	Democratic	https://www.twitter.com/amatoforny	New_York	Secretary of State
Clyde Vanel	Democratic	https://www.twitter.com/clydevanel	New_York	Secretary of State
Cordell Cleare	Democratic	https://www.twitter.com/CordellCleare	New_York	Secretary of State
Dan Stec	Republican	https://www.twitter.com/danstec	New_York	Secretary of State
Daphne Jordan	Republican	https://www.twitter.com/NYSenatorJordan	New_York	Secretary of State
Derrick Gibson	Republican	https://www.twitter.com/Gibson4NYS	New_York	
Diana Reyna	Democratic	https://www.twitter.com/Reyna4NY	New_York	Governor
Diane Savino	Democratic	https://www.twitter.com/dianesavino	New_York	
Elijah Reichlin-Melnick	Democratic	https://www.twitter.com/senatorERM	New_York	Secretary of State
Elise Stefanik	Republican	https://www.twitter.com/EliseStefanik	New_York	U.S. House
Fred Akshar	Republican	https://www.twitter.com/fredakshar	New_York	
George Borrello	Republican	https://www.twitter.com/SenatorBorrello	New_York	Secretary of State
Harry Wilson	Republican	https://www.twitter.com/HarryWilsonNY	New_York	Governor
J. Gustavo Rivera	Democratic	https://www.twitter.com/NYSenatorRivera	New_York	Secretary of State
Jabari Brisport	Democratic	https://www.twitter.com/jbrisport	New_York	Secretary of State
Jamaal Bailey	Democratic	https://www.twitter.com/jamaaltbailey	New_York	Secretary of State
James Gaughran	Democratic	https://www.twitter.com/Gaughran4Senate	New_York	
James Gisondi	Democratic	https://www.twitter.com/Esquireme2	New_York	Secretary of State
James Sanders, Jr.	Democratic	https://www.twitter.com/JSandersNYC	New_York	Secretary of State
Jarvis Onabanjo	Democratic	https://www.twitter.com/jarvisonabanjo	New_York	Secretary of State
Jeremy Cooney	Democratic	https://www.twitter.com/JeremyCooneyROC	New_York	Secretary of State
Jeremy Joseph	Democratic	https://www.twitter.com/JeremyJoseph4NY	New_York	Secretary of State
Jerrold Nadler	Democratic	https://www.twitter.com/RepJerryNadler	New_York	U.S. House
John Liu	Democratic	https://www.twitter.com/LiuNewYork	New_York	Secretary of State
John Mannion	Democratic	https://www.twitter.com/SenJohnMannion	New_York	Secretary of State
John Sarcone III	Republican	https://www.twitter.com/SarconeforNYSAG	New_York	
Jose M. Serrano	Democratic	https://www.twitter.com/SenatorSerrano	New_York	Secretary of State
Joseph Addabbo	Democratic	https://www.twitter.com/SenJoeAddabbo	New_York	Secretary of State
Joseph Griffo	Republican	https://www.twitter.com/SenGriffo	New_York	Secretary of State
Joseph Holland	Republican	https://www.twitter.com/JoeHollandEsq	New_York	
Julia Salazar	Democratic	https://www.twitter.com/SalazarSenate	New_York	Secretary of State
Jumaane Williams	Democratic	https://www.twitter.com/JumaaneWilliams	New_York	Governor
Karim Elsammak	Republican	https://www.twitter.com/karim4ny	New_York	Secretary of State
Kathy Hochul	Democratic	https://www.twitter.com/KathyHochul	New_York	Governor
Kris Lord	Republican	https://www.twitter.com/drkrislord	New_York	
Larry Sharpe		https://www.twitter.com/sharpe_way	New_York	Governor
Lee Zeldin	Republican	https://www.twitter.com/leezeldin	New_York	Governor
Leroy Comrie	Democratic	https://www.twitter.com/LeroyComrie	New_York	Secretary of State
Letitia James	Democratic	https://www.twitter.com/NewYorkStateAG	New_York	Secretary of State
Maria Vullo		https://www.twitter.com/t_vullo	New_York	
Michael Pernick	Democratic	https://www.twitter.com/michael_pernick	New_York	
Michelle Hinchey	Democratic	https://www.twitter.com/SenatorHinchey	New_York	Secretary of State
Michelle Ostrelich	Democratic	https://www.twitter.com/michelle4nys	New_York	Secretary of State
Mike Martucci	Republican	https://www.twitter.com/MikeMartucciNY	New_York	
Neil Breslin	Democratic	https://www.twitter.com/NeilBreslin44	New_York	Secretary of State
Nicolae Bunea	Democratic	https://www.twitter.com/GovernorBunea	New_York	
Pamela Helming	Republican	https://www.twitter.com/SenatorHelming	New_York	Secretary of State
Patricia Ritchie	Republican	https://www.twitter.com/SenatorRitchie	New_York	
Patrick Gallivan	Republican	https://www.twitter.com/senatorgallivan	New_York	Secretary of State
Paul Nichols	Democratic	https://www.twitter.com/nicholsforny	New_York	
Peter Harckham	Democratic	https://www.twitter.com/SenatorHarckham	New_York	Secretary of State
Peter Oberacker	Republican	https://www.twitter.com/SenOberacker	New_York	Secretary of State
Philip Boyle	Republican	https://www.twitter.com/PhilBoyleNY	New_York	
Rachel May	Democratic	https://www.twitter.com/RachelMayNY	New_York	Secretary of State
Rajiv Gowda	Democratic	https://www.twitter.com/GowdaRajiv	New_York	Secretary of State
Rob Astorino	Republican	https://www.twitter.com/RobAstorino	New_York	Governor
Robert Ortt	Republican	https://www.twitter.com/SenatorOrtt	New_York	Secretary of State
Roxanne Persaud	Democratic	https://www.twitter.com/SenatorPersaud	New_York	Secretary of State
Samra Brouk	Democratic	https://www.twitter.com/SamraBrouk	New_York	Secretary of State
Sean Hayes		https://www.twitter.com/SeanHayes_	New_York	Secretary of State
Shelley Mayer	Democratic	https://www.twitter.com/ShelleyBMayer	New_York	Secretary of State
Simcha Felder	Democratic	https://www.twitter.com/NYSenatorFelder	New_York	Secretary of State
Skyler Johnson	Democratic	https://www.twitter.com/SkylerJohnson	New_York	Secretary of State
Stefano Forte	Republican	https://www.twitter.com/stef4senate	New_York	Secretary of State
Thomas O'Mara	Republican	https://www.twitter.com/SenatorOMara	New_York	Secretary of State
Thomas Quiter		https://www.twitter.com/ThomasQuiter	New_York	Secretary of State
Timothy M. Kennedy	Democratic	https://www.twitter.com/SenKennedy	New_York	Secretary of State
Toby Ann Stavisky	Democratic	https://www.twitter.com/tobystavisky	New_York	Secretary of State
Todd Kaminsky	Democratic	https://www.twitter.com/toddkaminsky	New_York	
Tom Suozzi	Democratic	https://www.twitter.com/Tom_Suozzi	New_York	Governor
Vito LaBella	Republican	https://www.twitter.com/Vito4NYSenate	New_York	Secretary of State
Vittoria Fariello	Democratic	https://www.twitter.com/vittorianyc	New_York	Secretary of State
Yuh-Line Niou	Democratic	https://www.twitter.com/yuhline	New_York	U.S. House
Zellnor Myrie	Democratic	https://www.twitter.com/zellnor	New_York	Secretary of State
Zephyr Teachout	Democratic	https://www.twitter.com/ZephyrTeachout	New_York	Secretary of State
Alvin Reed	Republican	https://www.twitter.com/arreed	North_Carolina	Secretary of State
Ben Clark	Democratic	https://www.twitter.com/BenClarkNC	North_Carolina	U.S. House
Beth Freshwater Smith		https://www.twitter.com/fresh2osmith	North_Carolina	
Bob Steinburg	Republican	https://www.twitter.com/BobSteinburg	North_Carolina	
Bobbie Shields	Republican	https://www.twitter.com/bobs1205	North_Carolina	Secretary of State
Brad Overcash	Republican	https://www.twitter.com/BradOvercash	North_Carolina	Secretary of State
Charlton L. Allen	Republican	https://www.twitter.com/CharltonAllenNC	North_Carolina	
Cheryl Russo	Republican	https://www.twitter.com/RussoForNC	North_Carolina	Secretary of State
Danny Earl Britt	Republican	https://www.twitter.com/dannyebritt	North_Carolina	Secretary of State
Darren Jackson	Democratic	https://www.twitter.com/JacksonforNC	North_Carolina	Appeals
DeAndrea Salvador	Democratic	https://www.twitter.com/De_An_drea	North_Carolina	Secretary of State
Dean Proctor	Republican	https://www.twitter.com/DeanforNCSenate	North_Carolina	
Deanna Ballard	Republican	https://www.twitter.com/DeannaBallardNC	North_Carolina	
Dee Watson		https://www.twitter.com/ElectDeeWatson	North_Carolina	Secretary of State
Donald Davis	Democratic	https://www.twitter.com/DonDavisNC	North_Carolina	U.S. House
Donna Stroud	Republican	https://www.twitter.com/judgestroud	North_Carolina	Appeals
E.C. Sykes	Republican	https://www.twitter.com/ECforNC	North_Carolina	Secretary of State
Eddie Gallimore	Republican	https://www.twitter.com/SENATEGALLIMORE	North_Carolina	
Eddie Settle	Republican	https://www.twitter.com/settle_eddie	North_Carolina	Secretary of State
Ernie Watson	Republican	https://www.twitter.com/WatsonNC12	North_Carolina	Secretary of State
Frank McNeill	Democratic	https://www.twitter.com/Frank4NC	North_Carolina	Secretary of State
Gale M. Adams	Democratic	https://www.twitter.com/JudgeGaleAdams	North_Carolina	Appeals
Gladys Robinson	Democratic	https://www.twitter.com/GladysARobinson	North_Carolina	Secretary of State
H. Dean Proctor	Republican	https://www.twitter.com/DeanforNCSenate	North_Carolina	Secretary of State
Jamie DeMent Holcomb	Democratic	https://www.twitter.com/JamieforNC	North_Carolina	
Jason Minnicozzi	Democratic	https://www.twitter.com/JasonMinnicozzi	North_Carolina	Secretary of State
Jay Chaudhuri	Democratic	https://www.twitter.com/jay_chaudhuri	North_Carolina	Secretary of State
Jeff Jackson	Democratic	https://www.twitter.com/JeffJacksonNC	North_Carolina	U.S. House
Jim Burgin	Republican	https://www.twitter.com/Burgin4Senate	North_Carolina	Secretary of State
John Marsh Tyson	Republican	https://www.twitter.com/JudgeJohnTyson	North_Carolina	Appeals
Joyce Krawiec	Republican	https://www.twitter.com/joycekrawiec	North_Carolina	Secretary of State
Joyce Waddell	Democratic	https://www.twitter.com/WaddellSenate40	North_Carolina	Secretary of State
Julee Flood	Republican	https://www.twitter.com/juleeforjudge	North_Carolina	Appeals
Julie Mayfield	Democratic	https://www.twitter.com/Julievmayfield	North_Carolina	Secretary of State
Karen Kozel	Republican	https://www.twitter.com/KarenKozel4NC	North_Carolina	Secretary of State
Karen McCracken	Democratic	https://www.twitter.com/ABB4WNC	North_Carolina	Secretary of State
Kathy Manning	Democratic	https://www.twitter.com/KathyManningNC	North_Carolina	U.S. House
Keshia Sandidge	Democratic	https://www.twitter.com/Keshia4Senate34	North_Carolina	Secretary of State
Kirk deViere	Democratic	https://www.twitter.com/kirkdeviere	North_Carolina	
Larry Coleman	Republican	https://www.twitter.com/Coleman4NCSen	North_Carolina	Secretary of State
Lisa Barnes	Republican	https://www.twitter.com/ElectLisaBarnes	North_Carolina	Secretary of State
Lisa Grafstein	Democratic	https://www.twitter.com/LisaGrafstein	North_Carolina	Secretary of State
Madison Cawthorn	Republican	https://www.twitter.com/CawthornforNC	North_Carolina	
Mary Wills Bode	Democratic	https://www.twitter.com/Bode4Senate	North_Carolina	Secretary of State
Michael Lazzara	Republican	https://www.twitter.com/SenatorLazzara	North_Carolina	Secretary of State
Michael Stading	Republican	https://www.twitter.com/MichaelJStading	North_Carolina	Appeals
Natalie Murdock	Democratic	https://www.twitter.com/divamurdock	North_Carolina	Secretary of State
Natasha Marcus	Democratic	https://www.twitter.com/NatashaMarcusNC	North_Carolina	Secretary of State
Patrick Bowersox		https://www.twitter.com/BowersoxFor	North_Carolina	Secretary of State
Patrick Buffkin		https://www.twitter.com/PBuffkin	North_Carolina	
Paul Lowe	Democratic	https://www.twitter.com/PaulLowejr	North_Carolina	Secretary of State
Phil Berger	Republican	https://www.twitter.com/SenatorBerger	North_Carolina	Secretary of State
Rachel Hunt	Democratic	https://www.twitter.com/HuntforNCSenate	North_Carolina	Secretary of State
Ralph Hise	Republican	https://www.twitter.com/RalphHise	North_Carolina	Secretary of State
Richard Hudson	Republican	https://www.twitter.com/RepRichHudson	North_Carolina	U.S. House
Richard Sessoms	Republican	https://www.twitter.com/Sessoms4NC	North_Carolina	Secretary of State
Sandra Kilgore	Democratic	https://www.twitter.com/SandraKilgore1	North_Carolina	
Sean Ewing	Democratic	https://www.twitter.com/EwingForNC	North_Carolina	Secretary of State
Stephanie Justice	Democratic	https://www.twitter.com/Justice4NC	North_Carolina	Secretary of State
Sydney Batch	Democratic	https://www.twitter.com/friendsforbatch	North_Carolina	Secretary of State
Taylon Breeden	Democratic	https://www.twitter.com/TaylonBreeden22	North_Carolina	
Tom McInnis	Republican	https://www.twitter.com/NCGA25	North_Carolina	Secretary of State
Tyler Lee	Republican	https://www.twitter.com/votetylerlee	North_Carolina	U.S. House
Valerie Foushee	Democratic	https://www.twitter.com/FousheeforNC	North_Carolina	U.S. House
Vann Tate	Republican	https://www.twitter.com/tateforncsenate	North_Carolina	
Vickie Sawyer	Republican	https://www.twitter.com/SenatorSawyer	North_Carolina	Secretary of State
Warren Daniel	Republican	https://www.twitter.com/DanielforSenate	North_Carolina	Secretary of State
Wesley Meredith	Republican	https://www.twitter.com/senatormeredith	North_Carolina	Secretary of State
Ben Vig	Democratic	https://www.twitter.com/ben_vig	North_Dakota	Secretary of State
Drew Wrigley	Republican	https://www.twitter.com/DrewWrigley	North_Dakota	Secretary of State
Janne Myrdal	Republican	https://www.twitter.com/JanneMyrdal	North_Dakota	Secretary of State
Jeffrey Powell	Democratic	https://www.twitter.com/drjeffreypowell	North_Dakota	Secretary of State
Jessica Unruh-Bell	Republican	https://www.twitter.com/jkunruh	North_Dakota	
Jordan Kannianen	Republican	https://www.twitter.com/JordanKannianen	North_Dakota	
Keith Boehm	Republican	https://www.twitter.com/BoehmforND	North_Dakota	Secretary of State
Kristin Roers	Republican	https://www.twitter.com/raisedrightkris	North_Dakota	Secretary of State
Marvin Lepp	Republican	https://www.twitter.com/leppfornd	North_Dakota	
Michael Howe	Republican	https://www.twitter.com/Michael_Howe2	North_Dakota	Secretary of State
Oley Larsen	Republican	https://www.twitter.com/SenatorOleyLars	North_Dakota	
Ryan Braunberger	Democratic	https://www.twitter.com/rb4senate	North_Dakota	Secretary of State
Tim Mathern	Democratic	https://www.twitter.com/sentimmathern	North_Dakota	Secretary of State
Trygve Hammer	Democratic	https://www.twitter.com/trygvehammer	North_Dakota	
Ralph Torres	Republican	https://www.twitter.com/governorcnmi	Northern_Mariana_Islands	Governor
Chelsea Clark	Democratic	https://www.twitter.com/chelseaforohio	Ohio	Secretary of State
Cheryl Stephens	Democratic	https://www.twitter.com/CherylForOhio	Ohio	Governor
Dave Yost	Republican	https://www.twitter.com/DaveYostOH	Ohio	Secretary of State
Frank LaRose	Republican	https://www.twitter.com/FrankLaRose	Ohio	Secretary of State
Jim Jordan	Republican	https://www.twitter.com/Jim_Jordan	Ohio	
Jim Renacci	Republican	https://www.twitter.com/JimRenacci	Ohio	
Joe Blystone	Republican	https://www.twitter.com/JoeBlystone22	Ohio	
John Cranley	Democratic	https://www.twitter.com/JohnCranley	Ohio	
Jon Husted	Republican	https://www.twitter.com/JonHusted	Ohio	Governor
Keith Faber	Republican	https://www.twitter.com/KeithFaber	Ohio	Secretary of State
Nan Whaley	Democratic	https://www.twitter.com/nanwhaley	Ohio	Governor
Niel Petersen		https://www.twitter.com/NielPetersen	Ohio	Governor
Richard Michael DeWine	Republican	https://www.twitter.com/MikeDeWine	Ohio	Governor
Robert Sprague	Republican	https://www.twitter.com/RobertCSprague	Ohio	Secretary of State
Steve Chabot	Republican	https://www.twitter.com/SteveChabot	Ohio	U.S. House
Taylor Sappington	Democratic	https://www.twitter.com/TaylorInSEOhio	Ohio	Secretary of State
Teresa Fedor	Democratic	https://www.twitter.com/teresa_fedor	Ohio	
Thomas A. Teodosio	Democratic	https://www.twitter.com/TomTeodosio	Ohio	Appeals
Tim Grady		https://www.twitter.com/DarkHorse4Ohio	Ohio	Governor
April Grace	Republican	https://www.twitter.com/shawneesup	Oklahoma	Secretary of State
Charles de Coune	Democratic	https://www.twitter.com/charles4ok	Oklahoma	Secretary of State
Chris Powell		https://www.twitter.com/Okcspowell	Oklahoma	Governor
Cindy Byrd	Republican	https://www.twitter.com/cindyebyrd	Oklahoma	Secretary of State
Clark Jolley	Republican	https://www.twitter.com/clarkjolley	Oklahoma	Secretary of State
Constance Johnson	Democratic	https://www.twitter.com/GovConnie	Oklahoma	
David Hooten	Republican	https://www.twitter.com/DavidBHooten2	Oklahoma	Secretary of State
Glen Mulready	Republican	https://www.twitter.com/glen_mulready	Oklahoma	
Greg Sadler		https://www.twitter.com/gregsadler73	Oklahoma	Secretary of State
Jena Nelson	Democratic	https://www.twitter.com/Jena4OK	Oklahoma	Secretary of State
Joel Kintsel	Republican	https://www.twitter.com/JoelKintsel	Oklahoma	Governor
Joy Hofmeister	Democratic	https://www.twitter.com/joy4ok	Oklahoma	Governor
Kevin Stitt	Republican	https://www.twitter.com/GovStitt	Oklahoma	Governor
Kim David	Republican	https://www.twitter.com/kimdavid2010	Oklahoma	Secretary of State
Leslie Osborn	Republican	https://www.twitter.com/leslieosborn1	Oklahoma	Secretary of State
Mark Sherwood	Republican	https://www.twitter.com/Sherwood2022	Oklahoma	
Matt Pinnell	Republican	https://www.twitter.com/PinnellForLtGov	Oklahoma	Governor
Mike Mazzei	Republican	https://www.twitter.com/MazzeiMike	Oklahoma	
Moira McCabe	Republican	https://www.twitter.com/Moira_McCabe81	Oklahoma	Governor
Natalie Bruno		https://www.twitter.com/nataliebruno	Oklahoma	Governor
Ryan Walters	Republican	https://www.twitter.com/ryanmwalters	Oklahoma	Secretary of State
Sean Roberts	Republican	https://www.twitter.com/RepRoberts	Oklahoma	Secretary of State
Todd Thomsen	Republican	https://www.twitter.com/ToddThomsen	Oklahoma	
Warigia Margaret Bowman	Democratic	https://www.twitter.com/WarigiaBowman	Oklahoma	Secretary of State
Amber Richardson	Republican	https://www.twitter.com/AmberFirst4	Oregon	
Betsy Johnson		https://www.twitter.com/senbetsyjohnson	Oregon	Governor
Brandon Merritt	Republican	https://www.twitter.com/Merritt4Oregon	Oregon	
Bridget Barton	Republican	https://www.twitter.com/forbridget	Oregon	
Bud Pierce	Republican	https://www.twitter.com/DrBudPierce	Oregon	
Casey Kulla	Democratic	https://www.twitter.com/caseykulla	Oregon	
Cheri Helt	Republican	https://www.twitter.com/CheriHeltOR	Oregon	Secretary of State
Christina Stephenson		https://www.twitter.com/cestephenson1	Oregon	Secretary of State
Christine Drazan	Republican	https://www.twitter.com/christinedrazan	Oregon	Governor
Darin Harbick	Republican	https://www.twitter.com/darinharbickOre	Oregon	
Darleen Ortega		https://www.twitter.com/judge_ortega	Oregon	Appeals
Dave Stauffer	Democratic	https://www.twitter.com/Staufent33	Oregon	
George Carrillo	Democratic	https://www.twitter.com/georgefororegon	Oregon	
Jessica Gomez	Republican	https://www.twitter.com/jessica4oregon	Oregon	
John Fosdick III	Republican	https://www.twitter.com/l_fosdick	Oregon	
Julian Bell	Democratic	https://www.twitter.com/bell4or	Oregon	
Kerry McQuisten	Republican	https://www.twitter.com/KerryMcQ4Oregon	Oregon	
Marc Thielman	Republican	https://www.twitter.com/marcfororegon	Oregon	
Michael Cross	Democratic	https://www.twitter.com/Michael4oregon	Oregon	
Michael Trimble	Democratic	https://www.twitter.com/trimble4gov	Oregon	Secretary of State
Nicholas Kristof	Democratic	https://www.twitter.com/NickKristof	Oregon	
Nick Hess	Republican	https://www.twitter.com/votehess22	Oregon	
Patrick Starnes	Democratic	https://www.twitter.com/starnes2022	Oregon	Secretary of State
Stan Pulliam	Republican	https://www.twitter.com/StanPulliam	Oregon	
Stefan Strek	Republican	https://www.twitter.com/realStefanStrek	Oregon	
Tim McCloud	Republican	https://www.twitter.com/OR4McCloud	Oregon	
Tina Kotek	Democratic	https://www.twitter.com/TinaKotek	Oregon	Governor
Tobias Read	Democratic	https://www.twitter.com/TobiasRead	Oregon	
Vance Day		https://www.twitter.com/TeamVanceDay	Oregon	Appeals
Austin Davis	Democratic	https://www.twitter.com/RepAustinDavis	Pennsylvania	House of Representatives
Bill McSwain	Republican	https://www.twitter.com/McSwainPA	Pennsylvania	
Brian Sims	Democratic	https://www.twitter.com/BrianSimsPA	Pennsylvania	
Carrie DelRosso	Republican	https://www.twitter.com/CarrieLDelrosso	Pennsylvania	Governor
Charlie Gerow	Republican	https://www.twitter.com/charlie_gerow	Pennsylvania	
Christina Olson	Green	https://www.twitter.com/ChristinaEOlso1	Pennsylvania	Governor
Clarice Schillinger	Republican	https://www.twitter.com/clariceforpa	Pennsylvania	
David White	Republican	https://www.twitter.com/davewhiteforgov	Pennsylvania	
Doug Mastriano	Republican	https://www.twitter.com/dougmastriano	Pennsylvania	Governor
Eddie Wenrich		https://www.twitter.com/eddie7697	Pennsylvania	Secretary of State
Jake Corman III	Republican	https://www.twitter.com/JakeCorman	Pennsylvania	
Jeff Coleman	Republican	https://www.twitter.com/ColemanforPA	Pennsylvania	
Joe Gale	Republican	https://www.twitter.com/VoteJoeGalePA	Pennsylvania	
Joseph Soloski		https://www.twitter.com/JoeSoloski	Pennsylvania	Governor
Josh Shapiro	Democratic	https://www.twitter.com/JoshShapiroPA	Pennsylvania	Governor
Lou Barletta	Republican	https://www.twitter.com/RepLouBarletta	Pennsylvania	
Matt Hackenburg		https://www.twitter.com/matthackenburg	Pennsylvania	Governor
Melissa Hart	Republican	https://www.twitter.com/HartofPgh	Pennsylvania	
Mike Kelly	Republican	https://www.twitter.com/MikeKellyforPA	Pennsylvania	
Nche Zama	Republican	https://www.twitter.com/zamaforpa	Pennsylvania	
Nicole Shultz		https://www.twitter.com/NicoleShultz4PA	Pennsylvania	Governor
Ray Sosa	Democratic	https://www.twitter.com/raysosaltgov201	Pennsylvania	Secretary of State
Russell Diamond	Republican	https://www.twitter.com/russdiamond	Pennsylvania	House of Representatives
Teddy Daniels	Republican	https://www.twitter.com/TeddyForPA	Pennsylvania	
Tega Swann	Democratic	https://www.twitter.com/Swann_PAGov2022	Pennsylvania	
Timothy McMaster		https://www.twitter.com/Tim4PA	Pennsylvania	Governor
Charles Calenda	Republican	https://www.twitter.com/CharlesCalenda	Rhode_Island	Secretary of State
Cynthia Mendes	Democratic	https://www.twitter.com/Cynthia_Mendes_	Rhode_Island	Governor
Daniel McKee	Democratic	https://www.twitter.com/DanMcKeeRI	Rhode_Island	Governor
Deborah Ruggiero	Democratic	https://www.twitter.com/RepDebRuggiero	Rhode_Island	Governor
Gregg Amore	Democratic	https://www.twitter.com/GreggAmore1	Rhode_Island	Secretary of State
Helena Foulkes	Democratic	https://www.twitter.com/HelenaBFoulkes	Rhode_Island	Governor
Luis Daniel Muoz	Democratic	https://www.twitter.com/LuisDanielMun0z	Rhode_Island	Governor
Matt Brown	Democratic	https://www.twitter.com/mattbrownri	Rhode_Island	
Nellie Gorbea	Democratic	https://www.twitter.com/NellieGorbea	Rhode_Island	Governor
Peter Neronha	Democratic	https://www.twitter.com/AGNeronha	Rhode_Island	Secretary of State
Rey Herrera	Republican	https://www.twitter.com/govkingINRI	Rhode_Island	Governor
Sabina Matos	Democratic	https://www.twitter.com/Sabina_Matos	Rhode_Island	Governor
Bryan Chapman		https://www.twitter.com/chapmanforsc	South_Carolina	
Chris Nelums		https://www.twitter.com/NelumsforHemp	South_Carolina	Secretary of State
Ellen Weaver	Republican	https://www.twitter.com/ellen_weaver	South_Carolina	Secretary of State
Gary Burgess	Democratic	https://www.twitter.com/BforSCEd	South_Carolina	Secretary of State
Gary Votour		https://www.twitter.com/Gary4GovSC	South_Carolina	Governor
Harold Geddings III		https://www.twitter.com/HaroldGeddings	South_Carolina	Governor
Harrison Musselwhite	Republican	https://www.twitter.com/truckerbob3	South_Carolina	
Henry McMaster	Republican	https://www.twitter.com/henrymcmaster	South_Carolina	Governor
Hugh Weathers	Republican	https://www.twitter.com/HughWeathers	South_Carolina	Secretary of State
James Clyburn	Democratic	https://www.twitter.com/ClyburnSC06	South_Carolina	U.S. House
Joe Cunningham	Democratic	https://www.twitter.com/JoeCunninghamSC	South_Carolina	Governor
Kathy Maness	Republican	https://www.twitter.com/kmaness45	South_Carolina	Secretary of State
Lauren Martel	Republican	https://www.twitter.com/LaurenMartelHHI	South_Carolina	
Lisa Ellis	Democratic	https://www.twitter.com/ellisscschools	South_Carolina	Secretary of State
Mia McLeod	Democratic	https://www.twitter.com/MiaforSC	South_Carolina	
Rosemounda Peggy Butler	Democratic	https://www.twitter.com/RPeggyButle	South_Carolina	Secretary of State
Travis Bedson	Republican	https://www.twitter.com/bedsonforsuper	South_Carolina	
William Timmons	Republican	https://www.twitter.com/VoteTimmons	South_Carolina	U.S. House
Brock Greenfield	Republican	https://www.twitter.com/brockgreenfield	South_Dakota	Secretary of State
Jamie Smith	Democratic	https://www.twitter.com/RepJamieSmith	South_Dakota	
Kristi L. Noem	Republican	https://www.twitter.com/KristiNoem	South_Dakota	Governor
Lora Hubbel		https://www.twitter.com/LoraHubbel	South_Dakota	Secretary of State
Marty J. Jackley	Republican	https://www.twitter.com/martyjackley	South_Dakota	Secretary of State
Steven Haugaard	Republican	https://www.twitter.com/SteveHaugaard	South_Dakota	
Bill Lee	Republican	https://www.twitter.com/BillLeeTN	Tennessee	
Charles Van Morgan		https://www.twitter.com/CharlesVanMorg2	Tennessee	Governor
Constance Every		https://www.twitter.com/TN4EVERY1	Tennessee	Governor
JB Smiley Jr.	Democratic	https://www.twitter.com/jbsmileyjr	Tennessee	Governor
Jason Martin	Democratic	https://www.twitter.com/jasonbmartin	Tennessee	Governor
Aaron Sorrells	Republican	https://www.twitter.com/sorrells4texas	Texas	
Al Green	Democratic	https://www.twitter.com/RepAlGreenTX	Texas	
Alex Cornwallis	Democratic	https://www.twitter.com/AlexforSBOE12	Texas	Secretary of State
Allen B. West	Republican	https://www.twitter.com/AllenWest	Texas	
Angel Vega	Democratic	https://www.twitter.com/AngelLuisVega	Texas	
Ben Armenta	Republican	https://www.twitter.com/BenArmentaTexas	Texas	
Beto O'Rourke	Democratic	https://www.twitter.com/BetoORourke	Texas	Governor
Carey Counsil	Republican	https://www.twitter.com/careyacounsil	Texas	
Chad Prather	Republican	https://www.twitter.com/WatchChad	Texas	
Dan Patrick	Republican	https://www.twitter.com/DanPatrick	Texas	Governor
Daniel Harrison	Republican	https://www.twitter.com/Harrison4TxGov	Texas	
Daniel Hochman	Democratic	https://www.twitter.com/hochmanforsboe	Texas	Secretary of State
Dawayne Tipton	Republican	https://www.twitter.com/Tipton4Texas	Texas	
Dawn Buckingham	Republican	https://www.twitter.com/DrBuckinghamTX	Texas	Secretary of State
Deirdre Dickson-Gilbert		https://www.twitter.com/gilbert4gov22	Texas	Governor
Delilah Barrios	Green	https://www.twitter.com/DelilahforTexas	Texas	Governor
Don Minton	Republican	https://www.twitter.com/Minton4GLO	Texas	
Donald Huffines	Republican	https://www.twitter.com/DonHuffines	Texas	
Ed Ireson	Democratic	https://www.twitter.com/EdIreson	Texas	
Emily Miskel	Republican	https://www.twitter.com/emilymiskel	Texas	Appeals
Eva Guzman	Republican	https://www.twitter.com/EvaGuzmanForAG	Texas	
George P. Bush	Republican	https://www.twitter.com/georgepbush	Texas	Secretary of State
Glenn Hegar	Republican	https://www.twitter.com/Glenn_Hegar	Texas	Secretary of State
Greg Abbott	Republican	https://www.twitter.com/GregAbbott_TX	Texas	Governor
Hunter Crow	Green	https://www.twitter.com/CrowRailroad	Texas	Secretary of State
Janet Dudding	Democratic	https://www.twitter.com/Janet4Texas	Texas	Secretary of State
Jay Kleberg	Democratic	https://www.twitter.com/jay4txland	Texas	Secretary of State
Jinny Suh	Democratic	https://www.twitter.com/JinnySuhForTX	Texas	Secretary of State
Joaquin Castro	Democratic	https://www.twitter.com/Castro4Congress	Texas	U.S. House
Joe Jaworski	Democratic	https://www.twitter.com/JaworskiForTX	Texas	Secretary of State
Jon Spiers	Republican	https://www.twitter.com/drjonspiers	Texas	
Joy Diaz	Democratic	https://www.twitter.com/JoyDiaz_TXGov	Texas	Secretary of State
Juan Jurez	Democratic	https://www.twitter.com/juanjuarezfortx	Texas	Secretary of State
Julie Pickren	Republican	https://www.twitter.com/Julie4TX	Texas	Secretary of State
Ken Paxton	Republican	https://www.twitter.com/kenpaxtontx	Texas	Secretary of State
Lee Merritt	Democratic	https://www.twitter.com/MerrittForTexas	Texas	
Luis Sifuentes	Democratic	https://www.twitter.com/Sifuentes1787	Texas	Secretary of State
Luke Warford	Democratic	https://www.twitter.com/LukeWarfordTX	Texas	Secretary of State
Michael Cooper	Democratic	https://www.twitter.com/MCooper2022	Texas	
Michael Lange	Democratic	https://www.twitter.com/langeforland	Texas	
Michelle Beckley	Democratic	https://www.twitter.com/BeckleyforTX	Texas	
Rebecca Bell-Metereau	Democratic	https://www.twitter.com/voterebecca	Texas	Secretary of State
Rich Wakeland	Democratic	https://www.twitter.com/WakelandRich	Texas	Governor
Rochelle Garza	Democratic	https://www.twitter.com/RochelleMGarza	Texas	Secretary of State
Sarah Stogner	Republican	https://www.twitter.com/Sarah4RRC	Texas	Secretary of State
Sid Miller	Republican	https://www.twitter.com/millerfortexas	Texas	Secretary of State
Susan Hays	Democratic	https://www.twitter.com/hays4ag	Texas	Secretary of State
Terry Adams	Republican	https://www.twitter.com/NTerryAdamsJr	Texas	
Tim Westley	Republican	https://www.twitter.com/DrTimWestley	Texas	
Todd Bullis	Republican	https://www.twitter.com/ConcretePumper	Texas	Governor
Tom Slocum Jr.	Republican	https://www.twitter.com/slocumfortexas	Texas	
Trayce Bradford	Republican	https://www.twitter.com/Roadwarriormama	Texas	
Victor Avila	Republican	https://www.twitter.com/VictorAvilaTX	Texas	
Weston Martinez	Republican	https://www.twitter.com/westonmartinez	Texas	
Zach Vance	Republican	https://www.twitter.com/4abettertexas	Texas	
LeAnn Wood	Republican	https://www.twitter.com/LeAnn4Utah	Utah	Secretary of State
Marlo Oaks	Republican	https://www.twitter.com/TreasurerOaks	Utah	
Chris Winters	Democratic	https://www.twitter.com/wintersvermont	Vermont	Secretary of State
Doug Hoffer	Democratic	https://www.twitter.com/douglashoffer	Vermont	Secretary of State
Phil Scott	Republican	https://www.twitter.com/PhilScott4VT	Vermont	Governor
Sarah Copeland Hanzas	Democratic	https://www.twitter.com/copelandhanzas	Vermont	Secretary of State
Susan Hatch Davis		https://www.twitter.com/susanhatchdavis	Vermont	Governor
Abigail Spanberger	Democratic	https://www.twitter.com/SpanbergerVA07	Virginia	U.S. House
Bob Hagglund	Republican	https://www.twitter.com/bob4wa_	Washington	
Jaime Herrera Beutler	Independent	https://www.twitter.com/JaimeForUSRep	Washington	U.S. House
Keith Wagoner	Republican	https://www.twitter.com/VoteWagoner	Washington	
Mark Miloscia	Republican	https://www.twitter.com/markmiloscia	Washington	Secretary of State
Tamborine Borrelli		https://www.twitter.com/borrelli4sos	Washington	
Adam Fischer	Republican	https://www.twitter.com/AdamFis43844295	Wisconsin	Governor
Adam Jarchow	Republican	https://www.twitter.com/therealadamjar1	Wisconsin	Secretary of State
Alexia Sabor	Democratic	https://www.twitter.com/SaborForWI	Wisconsin	Secretary of State
Amy Loudenbeck	Republican	https://www.twitter.com/voteamywi	Wisconsin	Secretary of State
Angelito Tenorio	Democratic	https://www.twitter.com/AngelitoForWI	Wisconsin	Secretary of State
Ben Voelkel	Republican	https://www.twitter.com/benforwi	Wisconsin	
David Bowen	Democratic	https://www.twitter.com/DavidFBowen	Wisconsin	
David Varnam	Republican	https://www.twitter.com/dvarnam	Wisconsin	Governor
Derrick Van Orden	Republican	https://www.twitter.com/derrickvanorden	Wisconsin	U.S. House
Dmitry Becker	Republican	https://www.twitter.com/dmitrybecker	Wisconsin	
Eric Toney	Republican	https://www.twitter.com/EricJToney	Wisconsin	Secretary of State
Gillian Battino	Democratic	https://www.twitter.com/Battino4Senate	Wisconsin	Secretary of State
James Kellen	Republican	https://www.twitter.com/VoteKellen	Wisconsin	
Jay Schroeder	Republican	https://www.twitter.com/JayForWisconsin	Wisconsin	Secretary of State
Jess Hisel		https://www.twitter.com/JessHisel	Wisconsin	
John Macco	Republican	https://www.twitter.com/RepMacco	Wisconsin	Secretary of State
Jonathan Wichmann	Republican	https://www.twitter.com/otewichmann	Wisconsin	Governor
Josh Kaul	Democratic	https://www.twitter.com/JoshKaulWI	Wisconsin	Secretary of State
Kevin Nicholson	Republican	https://www.twitter.com/KevinMNicholson	Wisconsin	Governor
Kyle Yudes	Republican	https://www.twitter.com/yudesforltgov	Wisconsin	Governor
Lena Taylor	Democratic	https://www.twitter.com/SenTaylor	Wisconsin	
Maria S. Lazar		https://www.twitter.com/JudgeMariaLazar	Wisconsin	
Orlando Owens	Republican	https://www.twitter.com/orlandoforwi	Wisconsin	Secretary of State
Patrick Testin	Republican	https://www.twitter.com/patricktestin	Wisconsin	Governor
Rebecca Kleefisch	Republican	https://www.twitter.com/RebeccaforReal	Wisconsin	Governor
Roger Roth	Republican	https://www.twitter.com/SenatorRoth	Wisconsin	Governor
Sara Rodriguez	Democratic	https://www.twitter.com/sara4WI	Wisconsin	Governor
Tim Michels	Republican	https://www.twitter.com/michelsforgov	Wisconsin	Governor
Timothy Ramthun	Republican	https://www.twitter.com/RepRamthun	Wisconsin	Governor
Tony Evers	Democratic	https://www.twitter.com/Tony4WI	Wisconsin	Governor
Will Martin	Republican	https://www.twitter.com/willmartinWI	Wisconsin	Governor
Liz Cheney	Republican	https://www.twitter.com/Liz_Cheney	Wyoming	U.S. House
Mark Gordon	Republican	https://www.twitter.com/GovernorGordon	Wyoming	Governor
Rex Rammell	Republican	https://www.twitter.com/RexRammell	Wyoming	Governor
Tara Nethercott	Republican	https://www.twitter.com/TaraNethercott	Wyoming	Secretary of State
