CheckURL	Date	Name	Poster	Setting	Statement	CheckTime	Tags	Rate	Sources	iteration	Month	TweetCount	SusUserCount	SusDomainCount	MonthTweetCount	TweetPeakIQR	SusUserPeakIQR	SusDomainPeakIQR	detected	Undetected Type
https://www.politifact.com/factchecks/2022/jul/07/stephen-king/florida-not-requiring-professors-students-register/	20220706	Ron DeSantis	Stephen King	stated on July 6, 2022 in a tweet:	Florida Gov. Ron DeSantis “signs bill requiring Florida students, professors to register political views with (the) state.”	July 7, 2022	Corrections and Updates;Education;Florida;Privacy Issues;Stephen King	False	"(Stephen King, Tweet, July 6, 2022 )[https://archive.ph/GdUPh]<source-sep>(Tweet, July 4, 2022)[https://archive.ph/sA7ob]<source-sep>(Salon, ""DeSantis signs bill requiring Florida students, professors to register political views with state,"" June 23, 2021)[https://www.salon.com/2021/06/23/desantis-signs-bill-requiring-florida-students-professors-to-register-political-views-with-state/]<source-sep>(Florida House Bill 233, June 22, 2021)[https://www.flsenate.gov/Session/Bill/2021/233/BillText/er/PDF]<source-sep>(Press Release, ""Governor Ron DeSantis Signs Legislation to Set the Pace for Civics Education in America,"" June 22, 2021 )[https://www.flgov.com/2021/06/22/governor-ron-desantis-signs-legislation-to-set-the-pace-for-civics-education-in-america/]<source-sep>(Tallahassee Democrat, ""Read the intellectual freedom survey being sent to all Florida public college campuses,"" April 6, 2022 )[https://www.tallahassee.com/story/news/local/state/2022/04/06/intellectual-freedom-survey-florida-college-university-faculty-students/9461539002/]<source-sep>(YouTube Video, ""Florida Gov. Ron DeSantis makes education announcement in Fort Myers,"" June 22, 2021)[https://www.youtube.com/watch?v=AkY8EeOCUy0]<source-sep>(Associated Press, ""Florida bans 'critical race theory' from its classrooms,"" June 10, 2021)[https://apnews.com/article/florida-race-and-ethnicity-government-and-politics-education-74d0af6c52c0009ec3fa3ee9955b0a8d]<source-sep>(PolitiFact, ""New Florida law doesn't require university students, faculty and staff to register political views,"" June 25, 2021)[https://www.politifact.com/factchecks/2021/jun/25/viral-image/new-florida-law-requires-public-universities-surve/]<source-sep>(Washington Post, ""In push against 'indoctrination,' DeSantis mandates surveys of Florida college students' beliefs,"" June 24, 2021)[https://www.washingtonpost.com/education/2021/06/24/florida-intellectual-freedom-law-mandates-viewpoint-surveys/]<source-sep>(Snopes, ""New Florida Law Requires Universities To Survey Political Views of Students, Faculty,"" June 23, 2021)[https://www.snopes.com/fact-check/florida-university-surveys/]<source-sep>(United Faculty of Florida website )[https://myuff.org/]<source-sep>(Florida Education Association website )[https://feaweb.org/]<source-sep>(Interview with Andrew Gothard, statewide president of the United Faculty of Florida)[]<source-sep>(Intellectual Freedom and Viewpoint Diversity Survey -- Employee Version, shared via email by  Andrew Gothard )[]"	2	202207	2419	15	10	80272	0.0	0.0	0.0	False	Attack from others
https://www.politifact.com/factchecks/2022/jul/08/ron-desantis/ron-desantis-falsely-claims-biden-trying-buy-state/	20220630	Ron DeSantis	Ron DeSantis	stated on June 30, 2022 in a press release:	The Civics Secures Democracy Act “would allow the Biden administration to buy off states with $6 billion” if they adopt critical race theory.	July 8, 2022	National;Congress;Education;Florida;Ron DeSantis	False	(Florida Governor’s Office, Governor Ron DeSantis Announces Florida Students’ Elevating their Excellence in Civics, June 30, 2022)[https://flgov.com/2022/06/30/governor-ron-desantis-announces-florida-students-elevating-their-excellence-in-civics/]<source-sep>(Congress.gov, S.4384, accessed July 6, 2022)[https://www.congress.gov/bill/117th-congress/senate-bill/4384/text]<source-sep>(Congress.gov, S.4928, accessed July 6, 2022)[https://www.congress.gov/bill/116th-congress/senate-bill/4928?s=1&r=32]<source-sep>(Chris Coons U.S. Senator for Delaware, Senators Coons, Cornyn introduce bipartisan bill to invest $1 billion annually in civics education, June 14, 2022)[https://www.coons.senate.gov/news/press-releases/senators-coons-cornyn-introduce-bipartisan-bill-to-invest-1-billion-annually-in-civics-education]<source-sep>(Email interview with Natalie Yezbick, Cornyn press secretary, July 6, 2022)[]<source-sep>(Email interview with Christina Pushaw, DeSantis press secretary, July 7, 2022)[]<source-sep>(Email interview with Jim Bradshaw, U.S. Department of Education spokesperson, July 6, 2022)[]<source-sep>(Email interview with David Shultz, professor of political science and legal studies at Hamline University, July 8, 2022)[]<source-sep>(Politico, Cardona pulls back on grant aimed at addressing discrimination, July 21, 2021)[https://www.politico.com/news/2021/07/21/cardona-pulls-back-on-grant-gop-pressure-500442]<source-sep>(PolitiFact, Fact-checking attacks on Common Core school standards, Oct. 21, 2013)[https://www.politifact.com/article/2013/oct/21/fact-checking-common-core-school-standards/]<source-sep>(PolitiFact, Federal government required states to adopt Common Core school standards, congressional hopeful says, July 25, 2014)[https://www.politifact.com/factchecks/2014/jul/25/joe-leibham/federal-government-required-states-adopt-common-co/]<source-sep>(PolitiFact, Common Core was required to win Obama grants, U.S. Rep. David Jolly wrongly says, April 8, 2016)[https://www.politifact.com/factchecks/2016/apr/08/david-jolly/common-core-required-win-obama-grants-us-rep-da/]<source-sep>(PolitiFact, What is critical race theory, and why are conservatives blocking it, May 24, 2021 )[https://www.politifact.com/article/2021/may/24/what-critical-race-theory-and-why-are-conservative/]<source-sep>(National Review, Bill to Federalize CRT Must Be Stopped, March 8, 2022)[https://www.nationalreview.com/corner/bill-to-federalize-crt-must-be-stopped/]<source-sep>(National Review, Bogus ‘Civics’ Bill Will Push CRT on States, June 20, 2022)[https://www.nationalreview.com/corner/bogus-civics-bill-will-push-crt-on-states/]<source-sep>(National Review, DeSantis Blasts Fake Civics Bill, July 5, 2022)[https://www.nationalreview.com/corner/desantis-blasts-fake-civics-bill/]<source-sep>(Washington Examiner, Civics bill foes say pushes critical race theory, July 6, 2022)[https://www.washingtonexaminer.com/news/white-house/biden-desantis-showdown-civics]<source-sep>(U.S. Department of Education, The Federal Role in Education, accessed July 7, 2022)[https://www2.ed.gov/about/overview/fed/role.html]<source-sep>(C-SPAN, Former Pres. Trump Speaks about Investigation at Faith & Freedom Conference, June 17, 2022)[https://www.c-span.org/video/?521049-1/president-trump-calls-select-committee-a-witch-hunt]	2	202206	2429	0	0	108964	0.0	0.0	0.0	False	Other (Not suprising enough)
https://www.politifact.com/factchecks/2022/jul/05/nikki-fried/nikki-frieds-ad-misleads-crists-position-abortion-/	20220628	Charlie Crist	Nikki Fried	stated on June 28, 2022 in a campaign ad:	“Charlie Crist is pro-life.”	July 5, 2022	Abortion;Florida;Nikki Fried	Mostly False	"(Nikki Fried, tweet, June 28, 2022)[https://mobile.twitter.com/NikkiFried/status/1541873276833697797?s=20&t=JA1h14-eqlAWb5rWhmY2BA]<source-sep>(Tweet, June 29, 2022)[https://twitter.com/MsPeoples/status/1542183423091085312?s=20&t=Hlnz-3gMKjqKduNzma831w]<source-sep>(Email interview with Caroline Korba, Fried’s press secretary, June 30, 2022)[]<source-sep>(Email interview with Sam Ramirez, Crist’s press secretary, June 30, 2022)[]<source-sep>(Youtube, U.S. Rep. Charlie Crist interview part 1, April 16, 2022)[https://www.youtube.com/watch?v=qmhZ-ngsHDw]<source-sep>(Tallahassee Democrat, ""Fried challenges Crist's abortion rights stance,"" June 29, 2022)[https://www.tallahassee.com/story/news/politics/2022/06/29/nikki-fried-attacks-charlie-crists-abortion-rights-record-but-he-holds-lead-in-democratic-primary/7762618001/]<source-sep>(Planned Parenthood Action Fund, Congressional Scorecard, assessed June 30, 2022)[https://www.plannedparenthoodaction.org/congressional-scorecard]<source-sep>(National Right to Life, Congressional Scorecard, assessed June 30, 2022)[https://www.votervoice.net/NRLC/Scorecard#/?page=scorecard-33295]<source-sep>(PolitiFact, ""Crist says he ‘always’ supported abortion access. But his record shows inconsistency,"" April 22, 2022)[https://www.politifact.com/factchecks/2022/apr/22/charlie-crist/crist-says-he-always-supported-abortion-access-his/]<source-sep>(PolitiFact, Charlie Crist has called himself 'pro-life' and 'pro-choice' and backed certain restrictions while opposing others, Feb. 7, 2014)[https://www.politifact.com/factchecks/2014/feb/07/charlie-crist/charlie-crist-has-called-himself-pro-life-and-pro-/]<source-sep>(PolitiFact, Marco Rubio fires back at Charlie Crist attacks, Oct. 24, 2010)[https://www.politifact.com/factchecks/2010/oct/24/marco-rubio/marco-rubio-fires-back-charlie-crist-attacks/]<source-sep>(PolitiFact, Meek's pro-choice stance stands out, June 22, 2010)[https://www.politifact.com/factchecks/2010/jun/22/kendrick-meek/meeks-pro-choice-stance-stands-out/]<source-sep>(PolitiFact, Taxpayer-funded abortions in the federal health care bill, March 17, 2011)[https://www.politifact.com/factchecks/2011/mar/17/matt-gaetz/taxpayer-funded-abortions-federal-health-care-bill/]<source-sep>(PolitiFact, Charlie Crist was pro-life, pro-gun and anti-tax, says George LeMieux, Sept. 6, 2012)[https://www.politifact.com/factchecks/2012/sep/06/george-lemieux/charlie-crist-was-pro-life-pro-gun-and-anti-tax-sa/]<source-sep>(Miami Herald, ""The gender factor,"" Oct. 25, 1992, accessed via Nexis )[]<source-sep>(Miami Herald, ""Crist pro-life stance in doubt,"" Oct. 26, 2006, accessed via Nexis)[]<source-sep>(Tampa Bay Times, Crist's stance on abortion still hazy, Aug. 18, 2005)[https://www.tampabay.com/opinion/columns/former-gov-charlie-crist-heres-why-im-backing-barack-obama/1247631/]"	2	202206	12988	0	0	290939	0.0	0.0	0.0	False	Peak not high enough
https://www.politifact.com/factchecks/2022/jun/24/rob-astorino/gop-challenger-overstates-parole-boards-record-und/	20220613	Rob Astorino	Rob Astorino	stated on June 13, 2022 in a debate:	“We’ve got a parole board right now that has released 20 cop killers in the last two years under Hochul.”	June 24, 2022	Public Safety;New York;Rob Astorino	False	"(Email, John P. Nuthall, spokesperson, New York City Police Benevolent Association, June 16, 2022. )[]<source-sep>(Email, William F. B. O’Reilly, spokesperson, Rob Astorino campaign, June 16, 21, 2022. )[]<source-sep>(PIX11, ""Man who killed 1st female NYPD officer in line of duty released on parole after 36 years,"" Dec. 19, 2021.  )[https://pix11.com/news/local-news/man-who-killed-1st-female-nypd-officer-in-line-of-duty-released-on-parole-after-36-years/]<source-sep>(Phone interview, Martin F. Horn, professor emeritus, John Jay College of Criminal Justice, June 17, 2022.  )[https://www.jjay.cuny.edu/faculty/martin-f-horn]<source-sep>(New York State Department of Corrections and Community Supervision, Parole Board Interview Calendar, various searches performed on June 17, 2022. )[https://publicapps.doccs.ny.gov/ParoleBoardCalendar/default]<source-sep>(Bolts/New York Focus, ""Vacancies and Zombie Commissioners Leave Opening for Parole Reform in New York,"" Feb. 9, 2022. Accessed June 23, 2022. )[https://boltsmag.org/new-york-parole-board-hochuls-appointments/]<source-sep>(New York State Department of Corrections and Community Supervision parolee lookup. )[https://publicapps.doccs.ny.gov/ParoleeLookup/default]"	2	202206	670	12	16	13840	0.0	0.0	0.0	False	Other (Not suprising enough)
https://www.politifact.com/factchecks/2022/jun/23/rebecca-kleefisch/kleefisch-campaign-wrong-wisconsin-had-smallest-ma/	20220608	Rebecca Kleefisch	Rebecca Kleefisch	stated on June 8, 2022 in Campaign email:	“Joe Biden’s margin of the less than 21,000 votes in Wisconsin was the tightest of any state in 2020.”	June 23, 2022	Elections;States;Wisconsin;Rebecca Kleefisch	False	"(Rebecca Kleefisch campaign, June 8, 2022 fundraising email )[]<source-sep>(NPR, ""Narrow wins in these key states powered Biden to the presidency,"" Dec. 2, 2020)[https://www.npr.org/2020/12/02/940689086/narrow-wins-in-these-key-states-powered-biden-to-the-presidency]<source-sep>(The Cook Political Report, ""2020 national popular vote tracker,"" June 21, 2022)[https://www.cookpolitical.com/2020-national-popular-vote-tracker]"	2	202206	351	6	0	15013	0.0	0.0	0.0	False	Other (Not suprising enough)
https://www.politifact.com/factchecks/2022/jun/10/instagram-posts/charges-havent-been-dismissed-against-paul-pelosi-/	20220607	Gavin Newsom	Instagram posts	stated on June 7, 2022 in an Instagram post:	"""Gavin Newsom reportedly intervened at the request of Nancy Pelosi and directly ordered the California Highway Patrol to drop all charges"" against Paul Pelosi for his DUI arrest."	June 10, 2022	Congress;Facebook Fact-checks;California;Instagram posts	False	"(Instagram post, June 7, 2022)[https://www.instagram.com/p/CeiJ2SvO6JE/]<source-sep>(The Sly Show, Tweet, June 7, 2022)[https://twitter.com/theslyshow/status/1534394350389678080]<source-sep>(Archive of The Sly Show’s Tweet)[https://archive.ph/l8KJd]<source-sep>(CNN, ""Pelosi's husband charged with DUI,"" May 30, 2022)[https://www.cnn.com/2022/05/29/politics/paul-pelosi-arrested-dui/index.html]<source-sep>(Napa County District Attorney’s Office, Facebook post, June 9, 2022)[https://www.facebook.com/napacountyda/posts/pfbid0AKstFLb9G7L1dN8NDYF9LbjgjrW72qgEH6toVQyndkNxj4mwBixX68htM9iX5w3rl?__cft__[0]=AZV4SfaTsjV15tBNe_n2L1S5oxfm6Gx4s-LqFlWKvwL5-Aqpqe7_uimKCoGuWrLs1WAxWW2Js6CY5pAgbb5dy1RnTrexQsgIorwncOPEKI_juvwJjSmWVOknzgiio4QiC2SQ0I_uNGPYqwz6EQehqVShbrSmW882nOP8kL7cno-k-Q&__tn__=%2CO%2CP-R]<source-sep>(Email with Fran Clader, director of communications for California Highway Patrol, June 9, 2022)[]"	1	202206	9162	37	54	553415	0.0	0.0	0.0	False	Peak not high enough
https://www.politifact.com/factchecks/2022/jun/02/kevin-rinke/debunking-zombie-claim-dead-people-always-vote-dem/	20220601	Kevin Rinke	Kevin Rinke	stated on June 1, 2022 in a campaign ad:	"""Dead people always vote Democrat."""	June 2, 2022	Elections;Michigan;Kevin Rinke	False	"(Kevin Rinke, campaign ad, June 1, 2022)[https://www.youtube.com/watch?v=HO8v1pWygEU]<source-sep>(Jennifer Wu et al., ""The Extraordinarily Low Rate of Dead People Voting by Mail: Evidence from Washington State Administrative Data,"" Nov. 19, 2020)[https://tobiasnowacki.com/files/dead_voting.pdf]<source-sep>(Michigan Office of the Auditor General, review, March 2022)[https://audgen.michigan.gov/wp-content/uploads/2022/03/r231023521-4999.pdf]<source-sep>(Michigan Secretary of State, statement on deceased voters, accessed June 2, 2022 )[https://www.michigan.gov/-/media/Project/Websites/sos/30lawens/Deceased_Voters_Fact_Check.pdf?rev=96449acfd2f7479a93c86bc6076bb83b]<source-sep>(Michigan rejected ballot database, accessed June 2, 2022)[https://www.michigan.gov/sos/-/media/Project/Websites/sos/33lawens/Rejected_Ballots_by_Jurisdiction_12_01_2020.xlsx?rev=a30a2f0c68854db69bdfb10a5ccfd22d&hash=0CECBCE1FEB1210C527F32511482F4BD]<source-sep>(Nevada Attorney General Aaron D. Ford, Attorney General Ford Announces Voter Fraud Charges, Oct. 21, 2021)[https://ag.nv.gov/News/PR/2021/Attorney_General_Ford_Announces_Voter_Fraud_Charges/]<source-sep>(Nevada Secretary of State Barbara Cegavske, Re: Elections Integrity Violation Reports, April 21, 2021)[https://www.nvsos.gov/sos/home/showpublisheddocument?id=9428]<source-sep>(Nevada GOP, Tweet, Nov. 7, 2020)[https://twitter.com/NVGOP/status/1325136289000087554]<source-sep>(Nevada GOP, Tweet, Nov. 10, 2020)[https://twitter.com/NVGOP/status/1326211270672936960?ref_src=twsrc%5Etfw%7Ctwcamp%5Etweetembed%7Ctwterm%5E1326211270672936960%7Ctwgr%5E%7Ctwcon%5Es1_&ref_url=https%3A%2F%2Fwww.8newsnow.com%2Fi-team%2Fi-team-man-who-claimed-dead-wifes-mail-in-ballot-showed-voter-fraud-accused-of-voting-twice%2F%27]<source-sep>(Dinesh D’Souza, Tweet, Nov. 11, 2020)[https://twitter.com/dineshdsouza/status/1326546090938650628]<source-sep>(Fox News, Tucker Carlson: Yes, dead people voted in this election and Democrats helped make it happen, Nov. 11, 2020)[https://www.foxnews.com/opinion/tucker-carlson-2020-presidential-election-voter-fraud-dead-voters]<source-sep>(Bradenton Herald, Bradenton voter tried to get mail-in ballot for dead wife ‘to test the system,’ cops say, Oct. 2, 2020)[https://www.bradenton.com/news/local/crime/article246170035.html]<source-sep>(Larry Wiggins probation order)[https://www.documentcloud.org/documents/22050518-larry-wiggins-probation]<source-sep>(Times Leader, ""Dude in Forty Fort’ pleads guilty to absentee ballot violation, Aug. 16, 2021)[https://www.timesleader.com/news/1507381/dude-in-forty-fort-pleads-guilty-to-absentee-ballot-violation]<source-sep>(AP, Man admits to voter fraud in casting dead mother’s ballot, April 30, 2021)[https://apnews.com/article/election-2020-government-and-politics-d34effeea6c341d6c44146931127caff]<source-sep>(Associated Press, ""Woman avoids jail for voting dead mom’s ballot in Arizona,"" May 1, 2022)[https://www.nbcnews.com/news/woman-avoids-jail-voting-dead-moms-ballot-arizona-rcna26823]<source-sep>(Colorado Springs Gazette, ""Golden woman pleads guilty to voting twice for deceased father,"" March 8, 2017)[https://gazette.com/crime/golden-woman-pleads-guilty-to-voting-twice-for-deceased-father/article_0e852f84-0809-51be-8235-9d464d315257.html]<source-sep>(Tacoma News-Tribune, ""Dead people voted in Pierce County’s 2020 election. But it was grief, not a conspiracy,"" Sept. 3, 2021 (accessed via Nexis))[]<source-sep>(WBBM-TV, ""2 Investigators: Chicago Voters Cast Ballots From Beyond The Grave,"" Oct. 27, 2016)[https://www.cbsnews.com/chicago/news/2-investigators-chicago-voters-cast-ballots-from-beyond-the-grave/]<source-sep>(The Hill, ""Georgia review found just four deceased voters’ ballots cast in 2020 election,"" Dec. 28, 2021)[https://thehill.com/homenews/campaign/587483-georgia-investigators-find-four-cases-of-deceased-voters-casting-ballots-in/]<source-sep>(PolitiFact, ""List of alleged dead voters in Wayne County does not provide evidence of voter fraud,"" Nov. 6, 2020)[https://www.freep.com/story/news/local/michigan/detroit/2020/11/06/no-evidence-thousands-dead-people-cast-ballots-wayne-county/6195468002/]<source-sep>(PolitiFact, ""How the GOP spun a 'dead voter' allegation in Nevada,"" Oct. 26, 2021)[https://www.politifact.com/article/2021/oct/26/how-gop-spun-dead-voter-allegation-nevada/]<source-sep>(Email interview with Thessalia Merivaki, political scientist at Mississippi State University, June 2, 2022)[]"	1	202206	9	3	0	4087	0.0	0.0	0.0	False	Other (Not suprising enough)
https://www.politifact.com/factchecks/2022/jun/08/tim-michels/gop-gubernatorial-candidate-michels-changes-course/	20220526	Tim Michels	Tim Michels	stated on May 26, 2022 in Public statement:	On disbanding the Wisconsin Elections Commission	June 8, 2022	Elections;Legal Issues;Wisconsin;Tim Michels	Full Flop	"(Milwaukee Journal Sentinel ""Wisconsin Elections Commission rejects Democrats' effort to keep Republican Tim Michels off the ballot for governor,"" June 10, 2022)[https://www.jsonline.com/story/news/politics/elections/2022/06/10/elections-commission-rejects-bid-block-tim-michels-race/7579176001/]<source-sep>(Milwaukee Journal Sentinel ""Construction executive Tim Michels running for Wisconsin governor, bringing the Republican field to 4,"" April 22, 2022)[https://www.jsonline.com/story/news/politics/elections/2022/04/22/tim-michels-files-paperwork-run-republican-primary-governor/7381270001/]<source-sep>(Milwaukee Journal Sentinel ""Donald Trump endorses Tim Michels for Wisconsin governor, inserting himself into competitive GOP primary,"" June 2, 2022)[https://www.jsonline.com/story/news/politics/elections/2022/06/02/donald-trump-endorses-tim-michels-wisconsin-governor/7488047001/]<source-sep>(Milwaukee Journal Sentinel ""GOP governor candidate Tim Michels reverses course and now says he wants to eliminate the Wisconsin Elections Commission,"" May 26, 2022)[https://www.jsonline.com/story/news/politics/elections/2022/05/25/governor-candidate-tim-michels-reverses-course-elections-commission/9922775002/]<source-sep>(Milwaukee Journal Sentinel ""Wisconsin Republicans refuse to endorse any of the party's 4 candidates for governor,"" May 21, 2022)[https://www.jsonline.com/story/news/politics/elections/2022/05/21/wisconsin-republicans-withhold-endorsement-for-governor-at-convention/9870587002/]"	1	202205	36	1	0	2313	0.0	0.0	0.0	False	Other (Not suprising enough)
https://www.politifact.com/factchecks/2022/may/27/tweets/no-these-tweets-about-greg-abbott-trying-pay-uvald/	20220526	Greg Abbott	Tweets	stated on May 26, 2022 in a tweet:	Says Gov. Greg Abbott offered the uncle of a Uvalde shooting victim money to say “we don’t need stronger gun laws.”	May 27, 2022	Texas;Facebook Fact-checks;Tweets	Pants on Fire!	(Tweets, May 26, 2022)[https://archive.ph/R60Eq]<source-sep>(Yashar Ali tweets, May 26, 2022)[https://twitter.com/yashar/status/1529964272628793346?s=21&t=qEv7t8raYy19zpnyLzpvHQ]	1	202205	112962	332	96	792380	0.0	0.0	0.0	False	A peak on the day before or after
https://www.politifact.com/factchecks/2022/may/24/chris-carr/no-stacey-abrams-didnt-support-baseball-all-star-g/	20220522	Stacey Abrams	Chris Carr	stated on May 22, 2022 in a tweet:	"Stacey Abrams ""supported the MLB boycott."""	May 24, 2022	Georgia;Baseball;Elections;Voter ID Laws;Chris Carr	False	"(Chris Carr, tweet, May 22, 2022)[https://twitter.com/ChrisCarr_Ga/status/1528531584793694209]<source-sep>(Major League Baseball, ""MLB statement regarding 2021 All-Star Game,"" April 2, 2021)[https://www.mlb.com/press-release/press-release-mlb-statement-regarding-2021-all-star-game]<source-sep>(Stacey Abrams, Twitter video, March 31, 2021)[https://twitter.com/staceyabrams/status/1377421977535672321]<source-sep>(USA Today op-ed by Stacey Abrams, Corporate America must pick a side on voting rights, prevent a Georgia repeat (updated version), April 28, 2021)[https://www.usatoday.com/story/opinion/2021/03/31/voter-suppression-will-corporations-redeem-themselves-column/4820354001/]<source-sep>(USA Today op-ed by Stacey Abrams, original archived version, March 31, 2021)[https://web.archive.org/web/20210331210632if_/https://www.usatoday.com/story/opinion/2021/03/31/voter-suppression-will-corporations-redeem-themselves-column/4820354001/]<source-sep>(Atlanta Journal-Constitution, Stacey Abrams: Georgia companies shouldn’t face boycott ‘yet’ over election law, April 1, 2021)[https://www.ajc.com/politics/politics-blog/stacey-abrams-georgia-companies-shouldnt-face-boycott-yet-over-election-law/QQ3DP6F33VED7FTIUW5JE655XM/]<source-sep>(Atlanta Journal-Constitution reporter Greg Bluestein, Tweet April 2 and Tweet April 7, 2021)[https://twitter.com/bluestein/status/1378136977560776705]<source-sep>(Fox News, ""USA Today edits Stacey Abrams op-ed published before MLB pulled game in Atlanta, waters down boycott support,"" April 26, 2022)[https://www.foxnews.com/media/usa-today-stacey-abrams-op-ed-georgia-boycott]<source-sep>(Associated Press, ""Stacey Abrams says Georgia is 'worst state in the country to live,' but then explained,"" May 23, 2022)[https://www.11alive.com/article/news/politics/elections/stacey-abrams-georgia-worst-state-comment/85-fbdab7ef-c0c4-415b-a396-4f5eae9ef8c7]<source-sep>(Stacey Abrams, testimony to Congress, accessed May 24, 2022)[https://fairfight.com/wp-content/uploads/2021/06/Hon.-Stacey-Abrams-Responses-to-Senate-Judiciary-Committee-5.30.21-.pdf]<source-sep>(PolitiFact, ""What Joe Biden, Stacey Abrams and Georgia senators said about a MLB boycott,"" April 21, 2021)[https://www.politifact.com/article/2021/apr/21/what-joe-biden-stacey-abrams-and-georgia-senators-/]<source-sep>(PolitiFact, ""What’s in Georgia’s new voting law that lost it the All-Star Game,"" April 7, 2021)[https://www.politifact.com/article/2021/apr/07/whats-georgias-new-voting-law/]"	1	202205	11886	86	24	212704	0.0	0.0	0.0	False	Attack from others
https://www.politifact.com/factchecks/2022/may/23/david-perdue/georgia-perdue-falsely-claims-kemp-allowed-75-mill/	20220521	Brian Kemp	David Perdue	stated on May 21, 2022 in an interview with Breitbart:	Georgia Gov. Brian Kemp “allowed 7.5 million ballots to be sent to every registered voter.”	May 23, 2022	Georgia;Elections;David Perdue	False	(Breitbart, Exclusive -- David Perdue: pollsters not capturing new MAGA voters in Georgia, May 21, 2022)[https://www.breitbart.com/politics/2022/05/21/exclusive-david-perdue-pollsters-not-capturing-new-maga-voters-georgia/]<source-sep>(Georgia Secretary of State Brad Raffensperger, Raffensperger Takes Unprecedented Steps to Protect Safety and Voter Integrity in Georgia, March 24, 2020)[https://sos.ga.gov/news/raffensperger-takes-unprecedented-steps-protect-safety-and-voter-integrity-georgia]<source-sep>(Georgia Secretary of State Brad Raffensperger, Secretary of State Brad Raffensperger Appoints Absentee Ballot Fraud Task Force, April 27, 2020)[https://www.sos.ga.gov/news/secretary-state-brad-raffensperger-appoints-absentee-ballot-fraud-task-force]<source-sep>(Georgia Secretary of State Brad Raffensperger, Georgia Absentee Ballot Transfer Documents Accounted For; Three Small Counties Referred for Investigation, April 7, 2021)[https://sos.ga.gov/news/georgia-absentee-ballot-transfer-documents-accounted-three-small-counties-referred]<source-sep>(Georgia Public Radio reporter Stephen Fowler, Tweet, May 22, 2022)[https://twitter.com/stphnfwlr/status/1528347722276814848]<source-sep>(Georgia Public Radio, Fact Check: Fulton County Is Not Missing Ballots Or Hundreds Of Drop Box Custody Forms, June 17, 2021)[https://www.gpb.org/news/2021/06/17/fact-check-fulton-county-not-missing-ballots-or-hundreds-of-drop-box-custody-forms]<source-sep>(Georgia Public Radio, 'It Was Very Chaotic': Long Lines, Voting Machine Issues Plague Georgia Primary, June 9, 2020)[https://www.npr.org/2020/06/09/873054620/long-lines-voting-machine-issues-plague-georgia-primary]<source-sep>(CNN, Fact-checking Trump's letter to Georgia secretary of state, Sept. 21, 2021)[https://www.cnn.com/2021/09/21/politics/dekalb-trump-letter-fact-check/index.html]<source-sep>(Washington Post The Fact Checker, Trump’s never-ending parade of election falsehoods, Oct. 12, 2021)[https://www.washingtonpost.com/politics/2021/10/12/trumps-never-ending-parade-election-falsehoods/]<source-sep>(NBC, Thousands of disinfectants sent to polling locations, Ga. secretary of state says, March 13, 2020)[]<source-sep>(Atlanta Journal-Constitution, AJC EXCLUSIVE; Why the vote-by-mail debate is far from over in Georgia, April 15, 2020)[]<source-sep>(Atlanta Journal-Constitution, Ballot drop boxes approved for Georgia voters during coronavirus, April 15, 2020)[https://www.ajc.com/news/state--regional-govt--politics/ballot-drop-boxes-approved-for-georgia-voters-during-coronavirus/4Bir3Ymx1zL0ZOGsXMazEO/]<source-sep>(Georgia Secretary of State’s Office, Statement to PolitiFact, May 23, 2022)[]	1	202205	856	9	11	40182	0.0	0.0	0.0	False	A peak on the day before or after
https://www.politifact.com/factchecks/2022/may/13/greg-abbott/providing-baby-formula-babies-held-border-legal-re/	20220512	Greg Abbott	Greg Abbott	stated on May 12, 2022 in a press release:	Says the Biden administration is choosing to send baby formula to the border as one of its “out-of-touch priorities.” 	May 13, 2022	Immigration;Border Security;Children;Families;Texas;Greg Abbott	Mostly False	"(Phone interview with Allen Orr, president of the American Immigration Lawyers Association, May 13, 2022)[]<source-sep>(Email exchange with U.S. Customs and Border Protection spokesperson, May 12, 2022)[]<source-sep>(The Washington Post, ""The faux outrage that Biden is stockpiling baby formula for undocumented immigrants,"" May 12, 2022)[https://www.washingtonpost.com/politics/2022/05/12/faux-outrage-that-biden-is-stockpiling-baby-formula-undocumented-immigrants/]<source-sep>(Office of the Texas Governor, ""Governor Abbott, National Border Patrol Council Release Joint Statement On Biden Administration Providing Baby Formula To Illegal Immigrants Amid National Shortage,"" May 12, 2022)[https://gov.texas.gov/news/post/governor-abbott-national-border-patrol-council-release-joint-statement-on-biden-administration-providing-baby-formula-to-illegal-immigrants-amid-national-shortage]<source-sep>(Fox News, ""GOP rep says illegal migrants sent ‘pallets’ of hard-to-find baby formula,"" May 12, 2022)[https://www.foxnews.com/us/gop-rep-illegal-migrants-pallets-baby-formula]<source-sep>(Tweet from Rep. Kat Cammack, May 11, 2022)[https://twitter.com/Kat_Cammack/status/1524427674638336001?s=20&t=xuPN-ONJEccSaOehF9IOVw]<source-sep>(Facebook post from Rep. Kat Cammack, May 11, 2022)[https://www.facebook.com/KatCammack/posts/412426290700943]<source-sep>(Time Magazine, ""​​The Trump Administration's Move to End Rule Limiting Detention of Migrant Children Rejected in Court,"" Sept. 30, 2019)[https://time.com/5657381/trump-administration-flores-agreement-migrant-children/]<source-sep>(ImmigrationHistory.org, ""The Flores Settlement,"" accessed May 13, 2022)[https://immigrationhistory.org/item/the-flores-settlement/]<source-sep>(The Center for Immigration Studies, ""The History of the Flores Settlement,"" Feb. 11, 2019)[https://cis.org/Report/History-Flores-Settlement]<source-sep>(New York Times, ""Judge Blocks Trump Administration Plan to Detain Migrant Children,"" Sept. 27, 2019)[https://www.nytimes.com/2019/09/27/us/migrant-children-flores-court.html]"	1	202205	8891	46	84	792380	0.0	0.0	0.0	False	Peak not high enough
https://www.politifact.com/factchecks/2022/may/12/tweets/tweets-conflate-ron-desantis-massive-campaign-fund/	20220508	Ron DeSantis	Tweets	stated on May 8, 2022 in a tweet:	"“Is ANYONE asking how Ron DeSantis was worth $340,000 in 2020 and is now worth $52 million?"""	May 12, 2022	Campaign Finance;Candidate Biography;Wealth;Florida;Tweets	False	(Tweet, May 8, 2022)[https://twitter.com/TraveloreReport/status/1523430921659027456]<source-sep>(Tweet, May 8, 2022)[https://twitter.com/malawiflames/status/1523458610491125760?s=20&t=p0NlzXU_IJ6UGNO85HS6Zg]<source-sep>(Christina Pushaw, Tweet, March 19, 2022)[https://twitter.com/christinapushaw/status/1505179669880057857?s=21&t=L1rBy1y0XAc_-Vyf11gxPg]<source-sep>(Florida Commission of Ethics, DeSantis’ full and public disclosure of financial interests, assessed May 4, 2022.)[https://drive.google.com/file/d/1F3Mkx1QBC2M2tAmDrk4J2a9KC8NzfqMV/view]<source-sep>(Florida Commission of Ethics, Fried’s full and public disclosure of financial interests, assessed May 4, 2022.)[https://drive.google.com/file/d/1LZJYuGE_G9IlH146Zq1dFC1EUQVkkb95/view?usp=sharing]<source-sep>(Florida Commission of Ethics, Taddeo’s full and public disclosure of financial interests, assessed May 4, 2022.)[https://drive.google.com/file/d/1sn1uGeFFCqHI-47U7JbaxQPaUovPmrw2/view?usp=drivesdk]<source-sep>(Florida Commission of Ethics, Form 6 instructions, assessed May 10, 2022)[http://ethics.state.fl.us/Documents/Forms/Form%206_2021instruction.pdf?cp=2022510]<source-sep>(Florida Department of State Division of Elections, Friends of Ron DeSantis campaign finance activity, assessed May 10, 2022)[https://dos.elections.myflorida.com/cgi-bin/TreSel.exe]<source-sep>(CNN, DeSantis tops $100 million for Florida reelection race – and sends signal to 2024 Republican field, April 8.)[https://www.cnn.com/2022/04/08/politics/ron-desantis-florida-governor-reelection-fundraising/index.html]<source-sep>(Sarasota Herald-Tribune, Gov. Ron DeSantis hits $100 million fundraising mark, another sign of his GOP star power,  April 11, 2022)[https://www.heraldtribune.com/story/news/politics/2022/04/11/gov-ron-desantis-fundraising-florida-governor-election-tops-crist-scott-candidates-presidential-race/9517821002/]<source-sep>(Orlando Sentinel, DeSantis political account soars to $53 million, some of the biggest contributions come from out-of-state donors, Sept. 20, 2021)[https://www.orlandosentinel.com/politics/os-ne-desantis-major-donors-20210916-4csoc47w6rbzfpv47hnofz7geq-story.html]<source-sep>(Tampa Bay Times, Ron DeSantis: Capitol Hill loner, Fox News fixture, Trump favorite in Florida governor’s race, Feb. 9, 2019.)[https://www.cnn.com/2022/04/08/politics/ron-desantis-florida-governor-reelection-fundraising/index.html]	1	202205	2099	7	25	78206	0.0	0.0	0.0	False	Attack from others
https://www.politifact.com/factchecks/2022/may/20/rebecca-kleefisch/democrat-evers-not-big-proponent-defunding-police-/	20220430	Tony Evers	Rebecca Kleefisch	stated on April 30, 2022 in Public statement:	Says Gov. Tony Evers is “a big proponent of this defund the police movement.”	May 20, 2022	Criminal Justice;Crime;Public Safety;Wisconsin;Rebecca Kleefisch	False	"(Video, Rebecca Kleefisch at ""Take Back Wisconsin Town Hall,"" 12:04 mark, April 30, 2022)[https://drive.google.com/file/d/1m_vwnx1FA6kJKkolTjHUXdN17GpTUOOE/view]<source-sep>(Politico  ""‘Defund the police' is not the policy of the Democratic Party, Pelosi says,"" Feb. 13, 2022. )[https://www.politico.com/news/2022/02/13/pelosi-defund-police-democrats-00008449]<source-sep>(PBS News Hour, President Joe Biden ""State of the Union address,"" March 1, 2022 )[https://www.pbs.org/newshour/politics/read-joe-bidens-full-2022-state-of-the-union-address]<source-sep>(Trinity Lutheran Church, ""Take Back Wisconsin Town Hall,"" April 30, 2022 )[https://trinityfreistadt.com/events/take-back-wisconsin-town-hall/]<source-sep>(Milwaukee Journal Sentinel, ""Protesters have demanded police departments be 'defunded.' Tony Evers says that goes too far,"" June 4, 2020)[https://www.jsonline.com/story/news/politics/2020/06/04/defunding-police-departments-goes-too-far-gov-tony-evers-says/3138029001/]<source-sep>(Associated Press, ""Timeline of events since George Floyd’s arrest and murder,"" Feb. 24, 2022.)[https://apnews.com/article/death-of-george-floyd-police-arrests-george-floyd-minneapolis-855a0a3cd84368d2cbeea89968360ff4]<source-sep>(Milwaukee Journal Sentinel ""Tony Evers spending $50 million in federal funds to boost police forces, clear court backlogs,"" March 15, 2022)[https://www.jsonline.com/story/news/politics/2022/03/15/gov-evers-spend-50-m-law-enforcement-clear-court-backlogs/7048263001/]<source-sep>(WisPolitics.com ""Evers backs boosting shared revenue to help fund police,"" March 18, 2022)[https://www.wispolitics.com/2022/evers-backs-boosting-shared-revenue-to-help-locals-fund-police/]<source-sep>(Freedom Wisconsin PAC radio ad)[https://freedomwisconsin.com/]<source-sep>(Associated Press, ""Evers OKs use-of-force bill, vetoes plan to defund cities,"" August 6, 2021)[https://apnews.com/article/business-bills-police-reform-8510caae13debf2b1e835279f58b1429]"	1	202204	564	13	0	22231	0.0	0.0	0.0	False	Peak not high enough
https://www.politifact.com/factchecks/2022/may/05/ron-desantis/ron-desantis-exaggerates-outstanding-graduate-stud/	20220429	Ron DeSantis	Ron DeSantis	stated on April 29, 2022 in a press conference:	“The student debt that is out there, almost 60% of it is graduate school debt.”	May 5, 2022	National;Debt;Education;Florida;Ron DeSantis	Mostly False	"(Florida Channel, Governor’s Press Conference on Infrastructure Improvements, April 29, 2022)[https://thefloridachannel.org/videos/4-29-22-governors-press-conference-on-infrastructure-improvements/]<source-sep>(Florida Governor’s Office, Governor Ron DeSantis Awards More Than $22 Million for Broadband, Infrastructure, April 29, 2022)[https://www.flgov.com/2022/04/29/governor-ron-desantis-awards-more-than-22-million-for-broadband-infrastructure-and-workforce-development-in-florida-communities/]<source-sep>(Congressional Research Service, A Snapshot of Federal Student Loan Debt, assessed May 4, 2022)[https://crsreports.congress.gov/product/pdf/IF/IF10158]<source-sep>(Congressional Budget Office, The Volume and Repayment of Federal Student Loans: 1995 to 2017, assessed May 4, 2022)[https://www.cbo.gov/system/files/2020-11/56706-student-loans.pdf]<source-sep>(The Federal Reserve System, Survey of Consumer Finances, assessed May 4, 2022)[https://www.federalreserve.gov/econres/scf/dataviz/scf/chart/#series:Education_Installment_Loans;demographic:edcl;population:all;units:median;range:1989,2019]<source-sep>(Poynter Institute, Can and will Biden cancel student debt for 43 million Americans, May 2, 2022)[https://www.poynter.org/reporting-editing/2022/can-and-will-biden-cancel-student-debt-for-43-million-americans/]<source-sep>(Education Data Initiative, Student Loan Debt Statistics, assessed May 4, 2022 )[https://educationdata.org/student-loan-debt-statistics]<source-sep>(Education Data Initiative, Student Loan Debt by State, assessed May 4, 2022)[https://educationdata.org/student-loan-debt-by-state]<source-sep>(College Board, Trends in College Pricing and Student Aid 2021, assessed May 4, 2022)[https://research.collegeboard.org/media/pdf/trends-college-pricing-student-aid-2021.pdf]<source-sep>(Brookings Institute, Who owes the most in student loans: New data from the Fed, Oct. 9, 2020)[https://www.brookings.edu/blog/up-front/2020/10/09/who-owes-the-most-in-student-loans-new-data-from-the-fed/amp/]<source-sep>(NBC News, Biden considers forgiving some student debt as GOP pushes new bill to stop him, April 27, 2022)[https://www.nbcnews.com/politics/biden-considers-forgiving-student-debt-gop-pushes-new-bill-stop-rcna26292]<source-sep>(Email interview with Christina Pushaw, DeSantis’ press secretary, May 3, 2022)[]<source-sep>(Phone interview with Mark Kantrowitz, a student loan expert, May 3, 2022)[https://www.savingforcollege.com/authors/mark-kantrowitz]<source-sep>(Email interview with Adam Looney, a nonresident senior fellow at the Brookings Institute)[]<source-sep>(PolitiFact, Biden was gesturing towards his audience, not shaking hands with ""thin air,"" April 19, 2022)[]"	1	202204	4283	14	14	170851	0.0	0.0	0.0	False	Other (Not suprising enough)
https://www.politifact.com/factchecks/2022/may/12/aaron-lieberman/neo-nazi-and-racial-discrimination-claims-az-gover/	20220428	Katie Hobbs	Aaron Lieberman	stated on April 28, 2022 in an ad:	"""Kari Lake has been appearing at rallies with neo-Nazis,"" while ""two federal juries have found"" Katie Hobbs ""guilty of racial discrimination."""	May 12, 2022	Arizona;Civil Rights;Legal Issues;Race and Ethnicity;Ad Watch;Aaron Lieberman	Mostly False	"(YouTube, Lieberman Arizona ""Aaron Lieberman - Our Politics Are A Dumpster Fire"" ad, April 28, 2022)[https://www.youtube.com/watch?v=ruOCKhgCdMU]<source-sep>(Twitter, Aaron Lieberman for AZ Governor tweet, April 28, 2022)[https://twitter.com/aaron4az/status/1519679168539111432]<source-sep>(Email, Aaron Lieberman campaign spokesperson Christy Chavis, May 2, 2022)[]<source-sep>(Email, Kari Lake campaign spokesperson Ross Trumble, May 5, 2022)[]<source-sep>(Email, Greyson Arnold, May 10, 2022)[]<source-sep>(GovInfo.gov, Talonya Adams v. Arizona Senate court order, Dec. 21, 2021)[https://www.govinfo.gov/content/pkg/USCOURTS-azd-2_17-cv-00822/pdf/USCOURTS-azd-2_17-cv-00822-5.pdf]<source-sep>(Associated Press, ""Jury Issues $2.75 Million Verdict to Fire Senate Staffer,"" Nov. 11, 2021)[https://www.usnews.com/news/politics/articles/2021-11-11/jury-issues-275-million-verdict-to-fire-senate-staffer]<source-sep>(CNN, ""Trump-endorsed gubernatorial candidate appears with Nazi sympathizer and QAnon-linked activists at campaign events,"" Nov. 8, 2021)[https://amp.cnn.com/cnn/2021/11/04/politics/kfile-kari-lake-nazi-symapthizer-qanon-figure/index.html]<source-sep>(Twitter, Kari Lake tweet, Aug. 28, 2021)[https://twitter.com/KariLake/status/1431834033588097030]<source-sep>(U.S. District Court, Talonya Adams vs Arizona Senate jury verdict, July 12, 2019)[https://s3.documentcloud.org/documents/6199673/Talonya-Adams-Verdict.pdf]<source-sep>(CNN, ""Top Oregon RNC official says he was unaware of pro-Nazi host and White national activist they discussed during YouTube chat,"" June 29, 2021)[https://www.cnn.com/2021/06/29/politics/solomon-yue-on-white-nationalist/index.html]<source-sep>(Arizona Mirror, ""GOP lawmakers will appear alongside white nationalists, Nazi apologists, at rally to support insurrectionists,"" Sept. 23, 2021)[https://www.azmirror.com/2021/09/23/gop-officials-will-appear-alongside-white-nationalists-nazi-apologists-at-rally-to-support-insurrectionists/]<source-sep>(Arizona Mirror, ""The ‘groyper army’ is looking to make white nationalism mainstream. It has key allies in Arizona politics,"" Feb. 22, 2022)[https://www.azmirror.com/2022/02/22/the-groyper-army-is-looking-to-make-white-nationalism-mainstream-it-has-key-allies-in-arizona-politics/?msclkid=8582ce3bcfd511eca2c07c0e49b0f754]<source-sep>(Arizona Republic, ""The Arizona governor's race is now about who's least racist. Really,"" Jan. 19, 2022)[https://amp.azcentral.com/amp/6583769001]<source-sep>(Arizona Republic, ""'I'm truly sorry': Katie Hobbs issues new apology in Talonya Adams firing,"" Dec. 8, 2021)[https://amp.azcentral.com/amp/6426337001]<source-sep>(Arizona Republic, ""Former Arizona Senate staffer wins $1M in discrimination lawsuit involving Democratic leaders,"" July 16, 2019)[https://www.azcentral.com/story/news/politics/arizona/2019/07/16/former-arizona-senate-democratic-staffer-talonya-adams-awarded-1-million-discrimination-lawsuit/1739510001/]<source-sep>(Arizona Republic, ""After a week of silence, Katie Hobbs sends letter to supporters about verdict in discrimination case,"" Nov. 18, 2021 )[https://www.azcentral.com/story/news/politics/arizona/2021/11/18/katie-hobbs-speaks-out-verdict-talonya-adams-but-denies-discrimination/8671523002/]<source-sep>(Arizona Republic, ""Senate spent big to fight bias claims; State facing more than $765,000 in court fees and penalties,"" (via Nexis), March 5, 2022)[]<source-sep>(Arizona Daily Star, ""Ex-state Senate adviser wins sex, race discrimination case,"" July 16, 20189 (via Nexis))[]<source-sep>(Arizona Daily Star, ""Jury awards $2.7M to Arizona Senate staffer who said she was discriminated against,"" Nov. 12, 2021; updated Dec. 9, 2021 )[https://tucson.com/news/local/jury-awards-2-7m-to-arizona-senate-staffer-who-said-she-was-discriminated-against/article_e7fe0fd2-4306-11ec-96b9-cf11b1f65043.html]<source-sep>(Arizona Mirror, ""Katie Hobbs isn’t ‘fit to serve’ as governor after discriminatory firing, staffer says,"" Nov. 15, 2021)[https://www.azmirror.com/2021/11/15/katie-hobbs-isnt-fit-to-serve-as-governor-after-discriminatory-firing-ex-staffer-says/]<source-sep>(KatieHobbs.org, statement, Dec. 8, 2021)[https://www.katiehobbs.org/a-statement-from-katie-hobbs/]<source-sep>(Internet Archive, ""Grayson Arnold of Pure Politics Trying to Breach U.S. Capitol Building 1-6-21"")[https://archive.org/details/video_2021-04-17_08-08-33?msclkid=7bd46f96cfd411ec810c2733ebbb6d46]"	1	202204	713	9	23	36090	0.0	0.0	0.0	False	A peak on the day before or after
https://www.politifact.com/factchecks/2022/apr/22/donald-trump/trump-wrong-about-marjorie-taylor-greene-legal-cha/	20220421	Brian Kemp	Donald Trump	stated on April 21, 2022 in a statement to the media:	Brian Kemp and Secretary of State Brad Raffensperger “perhaps in collusion with the Radical Left Democrats” are attempting to “unseat” U.S. Rep. Marjorie Taylor Greene.	April 22, 2022	Georgia;National;Elections;Legal Issues;Jan. 6;Donald Trump	False	(Liz Harrington of Save America, Tweet, April 21, 2022)[https://twitter.com/realLizUSA/status/1517202527917608960?ref_src=twsrc%5Etfw%7Ctwcamp%5Etweetembed%7Ctwterm%5E1517202527917608960%7Ctwgr%5E%7Ctwcon%5Es1_&ref_url=https%3A%2F%2Fwww.mediaite.com%2Fdonald-trump%2Ftrump-puts-out-bonkers-statement-on-marjorie-taylor-greene-very-popular-republican-going-through-hell-in-jan-6-legal-battle%2F]<source-sep>(Georgia state law, 2006 Georgia Code - 21-2-5)[https://law.justia.com/codes/georgia/2006/21/21-2-5.html]<source-sep>(Georgia Public Radio reporter Stephen Fowler, Tweet, April 21, 2022)[https://twitter.com/stphnfwlr/status/1517202592417435648]<source-sep>(Free Speech for People, Notice of candidacy challenge filed in Georgia, March 24, 2022)[https://freespeechforpeople.org/wp-content/uploads/2022/03/fsfp-mtg-14.3-georgia-complaint-2022-03-24.pdf]<source-sep>(Open Secrets, Georgia Congressional District 14, 2022)[https://www.opensecrets.org/races/candidates?cycle=2022&id=GA14&spec=N]<source-sep>(Washington Post, Dissecting the bid to disqualify Marjorie Taylor Greene for insurrection, April 20, 2022)[https://www.washingtonpost.com/politics/2022/04/20/greene-insurrection-fourteenth-amendment/]<source-sep>(Atlanta Journal-Constitution, Marjorie Greene expected to testify in hearing on challenge to her candidacy, April 21, 2022)[https://www.ajc.com/politics/marjorie-greene-expected-to-testify-in-hearing-on-challenge-to-her-candidacy/WVRLVHD2MNA4HEZBIY66SLDUBE/]<source-sep>(AP, Marjorie Taylor Greene’s candidacy challenged at hearing, April 22, 2022)[https://www.kxan.com/news/political-news/hearing-to-be-held-in-rep-green-eligibility-challenge/]<source-sep>(Daily Mail, Trump says Marjorie Taylor Greene is 'going through hell' with the bid from Georgia voters to kick her off the ballot and claims Gov. Brian Kemp is 'in collusion' with the 'Radical Left Democrats' April 21, 2022)[https://www.dailymail.co.uk/news/article-10740853/Trump-says-Marjorie-Taylor-Greene-going-hell-ballot-lawsuit.html]<source-sep>(Carolina Public Press, Legal challenge to Cawthorn candidacy continues, April 15, 2022)[https://carolinapublicpress.org/53176/legal-challenge-to-cawthorn-candidacy-continues/]<source-sep>(New York Times, Legal Effort Expands to Disqualify Republicans as ‘Insurrectionists’ April 7, 2022)[https://www.nytimes.com/2022/04/07/us/politics/insurrectionists-congress.html]<source-sep>(Wall Street Journal, Rep. Marjorie Taylor Greene Defends Actions Ahead of Jan. 6 Riot, April 22, 2022)[https://www.wsj.com/articles/rep-marjorie-taylor-greene-to-testify-in-lawsuit-seeking-to-bar-her-from-re-election-11650629281?mod=e2tw]<source-sep>(PolitiFact, Unpacking the theory that the 14th Amendment could keep Donald Trump out of the Oval Office in 2024, Feb. 4, 2022)[https://www.politifact.com/article/2022/feb/04/Unpacking-theory-14th-Amendment-could/]<source-sep>(Email interview, Ari Schaffer, spokesperson for Georgia Secretary of State Brad Raffensperger, April 21, 2022)[]<source-sep>(Email interview, Ron Fein, legal director for Free Speech for People, April 22, 2022)[]	1	202204	505	7	4	18721	0.0	0.0	0.0	False	A peak on the day before or after
https://www.politifact.com/factchecks/2022/apr/22/charlie-crist/crist-says-he-always-supported-abortion-access-his/	20220412	Charlie Crist	Charlie Crist	stated on April 12, 2022 in an interview:	Says he has “always” believed “in a woman’s right to choose.”	April 22, 2022	Abortion;Florida;Charlie Crist	False	"(Charlie Crist, tweet, April 14, 2022)[https://twitter.com/CharlieCrist/status/1514627085196832769]<source-sep>(Youtube, U.S. Rep. Charlie Crist interview part 1, April 16, 2022)[https://www.youtube.com/watch?v=qmhZ-ngsHDw]<source-sep>(PolitiFact, Charlie Crist was pro-life, pro-gun and anti-tax, Sept. 6, 2012)[https://www.politifact.com/factchecks/2014/apr/24/charlie-crist/charlie-crist-portrays-his-view-abortion-consisten/]<source-sep>(Email interview with Sam Ramirez, Charlie Crist spokesperson, April 19, 2022)[]<source-sep>(PolitiFact, Charlie Crist portrays his view on abortion as consistent, April 24, 2014)[https://www.politifact.com/factchecks/2014/apr/24/charlie-crist/charlie-crist-portrays-his-view-abortion-consisten/]<source-sep>(The Florida Senate, HB 5: Reducing Fetal and Infant Mortality, assessed April 19, 2022)[https://www.flsenate.gov/Session/Bill/2022/5/?Tab=BillText]<source-sep>(Tampa Bay Times, Gov. DeSantis just signed a 15-week abortion ban. Here are 3 things that come next, April 14, 2022)[https://www.tampabay.com/news/florida-politics/2022/04/14/desantis-just-signed-a-15-week-abortion-ban-here-are-3-things-that-come-next/]<source-sep>(PolitiFact, Charlie Crist has called himself 'pro-life' and 'pro-choice' and backed certain restrictions while opposing others, Feb. 7, 2014)[https://www.politifact.com/factchecks/2014/feb/07/charlie-crist/charlie-crist-has-called-himself-pro-life-and-pro-/]<source-sep>(Tampa Bay Times, Former Gov. Charlie Crist: Here's why I'm backing Barack Obama, Sept. 4, 2012)[https://www.tampabay.com/opinion/columns/former-gov-charlie-crist-heres-why-im-backing-barack-obama/1247631/]<source-sep>(Axios, Red states race to enact new abortion restrictions, April 16, 2022)[https://www.axios.com/abortion-ban-red-states-tracking-roe-supreme-court-c061c8eb-b64c-479a-a411-d84882732c0d.html]<source-sep>(Tampa Bay Times, Nancy Pelosi endorses Charlie Crist in race for Florida governor, April 18, 2022)[https://www.tampabay.com/news/florida-politics/2022/04/18/nancy-pelosi-endorses-charlie-crist-in-race-for-florida-governor/]<source-sep>(Youtube, Crist In His Own Words: Pro-Choice (1998), March 26, 2010)[https://www.youtube.com/watch?v=KFYJ3RaZVFU]<source-sep>(PolitiFact, Marco Rubio fires back at Charlie Crist attacks, Oct. 24, 2010)[https://www.politifact.com/factchecks/2010/oct/24/marco-rubio/marco-rubio-fires-back-charlie-crist-attacks/]<source-sep>(PolitiFact, Meek's pro-choice stance stands out, June 22, 2010)[https://www.politifact.com/factchecks/2010/jun/22/kendrick-meek/meeks-pro-choice-stance-stands-out/]<source-sep>(PolitiFact, Taxpayer-funded abortions in the federal health care bill, March 17, 2011)[https://www.politifact.com/factchecks/2011/mar/17/matt-gaetz/taxpayer-funded-abortions-federal-health-care-bill/]<source-sep>(PolitiFact, Charlie Crist was pro-life, pro-gun and anti-tax, says George LeMieux, Sept. 6, 2012)[https://www.politifact.com/factchecks/2012/sep/06/george-lemieux/charlie-crist-was-pro-life-pro-gun-and-anti-tax-sa/]<source-sep>(Miami Herald, ""The gender factor,"" Oct. 25, 1992)[]<source-sep>(Miami Herald, ""Crist pro-life stance in doubt,"" Oct. 26, 2006)[]<source-sep>(Charlie Crist campaign website, Women’s rights, accessed April 20, 2022)[]"	1	202204	12199	22	8	196896	0.0	0.0	0.0	False	A peak on the day before or after
https://www.politifact.com/factchecks/2022/apr/14/get-georgia-right/fact-checking-ad-against-georgias-brian-kemp-and-f/	20220408	Brian Kemp	Get Georgia Right	stated on April 8, 2022 in an ad:	"Brian Kemp ""dismissed concerns about voter fraud in the 2020 election"" and ""widespread illegal ballot harvesting continued, electing two Democrat senators."""	April 14, 2022	Georgia;Elections;Ad Watch;Get Georgia Right	False	"(AdImpact.com, Get Georgia Right ""Can't Beat Voter Fraud"" ad, accessed April 8, 2022)[https://host2.adimpact.com/admo/viewer/cf491650-8eee-4a6e-a0a9-dc92be48945c/]<source-sep>(Email, Jessica Freese, spokesperson for Get Georgia Right PAC, April 13, 2022)[]<source-sep>(Email, Ari Schaffer, director of communications, Georgia Secretary of State, April 13, 2022)[]<source-sep>(The National Desk, ""Georgia's top election official calls for nationwide ban on ballot harvesting,"" Jan. 11, 2022)[https://newschannel9.com/newsletter-daily/georgias-top-election-official-calls-for-nationwide-ban-on-ballot-harvesting]<source-sep>(YouTube, Face the Nation ""Georgia secretary of state backs nationwide ban on ‘ballot harvesting,’"" Jan. 9, 2022)[https://www.youtube.com/watch?v=bJDTX441CBc]<source-sep>(PolitiFact, ""Here’s why Georgia’s Republican officials are confident in their presidential election results,"" Jan. 5, 2021)[https://www.politifact.com/article/2021/jan/05/heres-why-georgias-republican-officials-are-confid/]<source-sep>(PolitiFact, ""Georgia’s David Perdue said elections were stolen from him and Trump. Pants on Fire!"", March 29, 2022)[https://www.politifact.com/factchecks/2022/mar/29/david-perdue/georgias-david-perdue-said-elections-were-stolen-h/]<source-sep>(CNBC, ""Georgia Gov. Brian Kemp dismisses corporate backlash over election law,"" March 31, 2021)[https://www.cnbc.com/2021/03/31/georgia-gov-brian-kemp-dismisses-corporate-backlash-over-election-law.html]<source-sep>(Washington Times, ""Investigations of 2020 ballot mischief gain momentum in Georgia, Wisconsin,"" March 22, 2022)[https://www.washingtontimes.com/news/2022/mar/22/investigations-2020-ballot-mischief-gain-momentum-/]<source-sep>(11Alive.com, ""'Inconsistencies' identified by Gov. Kemp wouldn't change 2020 election results, experts say,"" Nov. 23, 2021)[https://www.11alive.com/article/news/politics/probe-sought-into-ga-voting-system/85-33cc0c42-1dd4-482d-94a0-54fa92c36ef8]<source-sep>(FactCheck.org, ""TV Ad Attacking Brian Kemp Makes Unsubstantiated Georgia Election Claim,"" April 12, 2022)[https://www.factcheck.org/2022/04/tv-ad-attacking-brian-kemp-makes-unsubstantiated-georgia-election-claim/]<source-sep>(Politico, ""Trump pours money into a midterm race for the first time,"" April 13, 2022)[https://www.politico.com/news/2022/04/13/trump-georgia-governor-race-00024987]"	1	202204	703	6	37	18721	0.0	0.0	0.0	False	Attack from others
https://www.politifact.com/factchecks/2022/apr/04/ben-clark/nc-democrat-falsely-claims-republican-richard-huds/	20220401	Ben Clark	Ben Clark	stated on April 1, 2022 in a campaign newsletter:	“The House voted to cap insulin prices to $35/month, just $420 each year! Richard Hudson voted NO.”	April 4, 2022	Health Care;North Carolina;Ben Clark	False	"(Email from the Clark for Congress campaign, ""Richard Hudson Votes NO to Lower Drug Prices,"" sent on April 1, 2022.)[]<source-sep>(Tweet by the Clark for Congress Twitter account on April 1, 2022.)[]<source-sep>(Email exchange with the Clark for Congress communications team on April 1, 2022.)[]<source-sep>(Email exchange with Greg Steele, spokesman for U.S. Rep. Richard Hudson (R-NC).)[]<source-sep>(Story by NBC News, ""House passes bill to cap out-of-pocket insulin costs,"" posted March 31, 2022.)[https://www.nbcnews.com/politics/congress/house-passes-bill-cap-pocket-insulin-costs-rcna22496]<source-sep>(Story by the New York Times, ""House passes bill to limit cost of insulin to $35 a month,"" posted March 31, 2022.)[https://www.nytimes.com/2022/03/31/health/insulin-price-house-bill-democrats.html]<source-sep>(Story by the Associated Press and posted by WRAL.com, ""House passes $35-a-month insulin cap as Dems seek wider bill,"" posted April 1, 2022.)[https://www.wral.com/house-passes-35-a-month-insulin-cap-as-dems-seek-wider-bill/20214284/]<source-sep>(Story by Business Insider, ""Here are the 12 House Republicans that voted for a key piece of Biden's stalled economic agenda on prescription drugs,"" posted March 31, 2022.)[https://www.businessinsider.com/house-republicans-voted-biden-build-back-better-prescription-drugs-insulin-2022-3?amp]<source-sep>(Story by the (U.K.) Daily Mail, ""House PASSES bill to cap the cost of insulin at $35 a month,"" posted April 1, 2022.)[https://www.dailymail.co.uk/news/article-10676555/House-PASSES-bill-cap-cost-insulin-35-month-12-Republicans-join-Democrats.html]<source-sep>(Story by the (U.K.) Independent and posted on Yahoo! News, ""Most House Republicans vote against lowering the price of insulin,"" posted April 1, 2022.)[https://news.yahoo.com/most-house-republicans-vote-against-114646644.html]"	1	202204	1	0	0	591	0.0	0.0	0.0	False	Other (Not suprising enough)
https://www.politifact.com/factchecks/2022/apr/08/david-perdue/ga-governor-race-david-perdue-wrong-secret-deal-gi/	20220329	David Perdue	David Perdue	stated on March 29, 2022 in an ad:	"“A secret backroom deal"" gave ""away hundreds of millions of tax dollars to a Soros-owned company."""	April 8, 2022	Georgia;State Budget;Ad Watch;David Perdue	Mostly False	"(YouTube, David Perdue ""Soros"" ad, March 29, 2022)[https://www.youtube.com/watch?v=CixrZhO5Na0]<source-sep>(Twitter, David Perdue campaign tweet, March 29, 2022)[https://twitter.com/TeamPerdue/status/1508877276544393218]<source-sep>(Email, David Perdue campaign spokesperson Jenni Sweat, April 5, 2022)[]<source-sep>(Email, Marie Gordon​, director of communications, global commerce, Georgia Department of Economic Development, April 7, 2022)[]<source-sep>(Email, Brian Kemp campaign spokesperson Tate Mitchell, April 5, 2022)[]<source-sep>(New York Times, ""How an Electric Truck Factory Became a Lightning Rod in Georgia,"" March 14, 2022)[https://www.nytimes.com/2022/03/14/climate/rivian-georgia-kemp-perdue.html]<source-sep>(Georgia Department of Economic Development, ""Governor Kemp Welcomes Rivian for Single-Largest Economic Development Project in State History,"" Dec. 16, 2021)[https://www.georgia.org/press-release/governor-kemp-welcomes-rivian-single-largest-economic-development-project-state]<source-sep>(Yahoo Finance, ""Rivian Automotive,"" accessed April 6, 2022)[https://finance.yahoo.com/quote/RIVN/holders?p=RIVN]<source-sep>(Associated Press, ""Kemp, Perdue spar over planned Georgia electric car plant,"" March 1, 2022)[https://apnews.com/article/2022-midterm-elections-technology-business-donald-trump-georgia-b1f9850e04ee0565c41a2e6aeb4d9a30]<source-sep>(BNN Bloomberg, ""Rivian’s Soros Connection Becomes Issue in Georgia Governor Race,"" Feb. 28, 2022)[https://www.bnnbloomberg.ca/rivian-s-soros-connection-becomes-issue-in-georgia-governor-race-1.1730238]<source-sep>(Bloomberg, ""Georgia Governor Kemp’s Campaign Defends Rivian Plant Deal,"" March 1, 2022)[https://www.bloomberg.com/news/articles/2022-03-01/georgia-governor-kemp-s-campaign-defends-rivian-plant-deal]<source-sep>(Governor’s Office of Planning and Budget, ""AFY 2022 and FY 2023 Governor's Budget Report,"" accessed April 5, 2022)[https://opb.georgia.gov/budget-information/budget-documents/governors-budget-reports]<source-sep>(Axios Atlanta, ""Former Sen. Perdue takes on Rivian plant,"" March 2, 2022)[https://www.axios.com/local/atlanta/2022/03/02/perdue-rivian-plant]<source-sep>(Barron’s, ""George Soros Buys a Big Rivian Stake,"" Feb. 14, 2022)[https://www.barrons.com/articles/rivian-stock-price-george-soros-51644840566]<source-sep>(Reuters, ""Billionaire Soros buys stake in EV startup Rivian,"" Feb. 14, 2022)[https://www.reuters.com/business/autos-transportation/billionaire-soros-buys-stake-ev-startup-rivian-2022-02-11/]<source-sep>(Market Watch, ""Billionaire George Soros reveals stake in Rivian, sells some tech shares,"" Feb. 14, 2022)[https://www.marketwatch.com/story/billionaire-george-soros-takes-major-stake-in-rivian-sells-some-tech-shares-11644793520?mod=home-page&mod=article_inline]<source-sep>(11Alive.com, ""Perdue blasts Kemp, Rivian deal,"" March 1, 2022)[https://www.11alive.com/article/news/politics/rivian-deal-perdue-kemp-divided/85-d8ae599b-5ab9-4c7d-95ca-a0a3c3008141]"	1	202203	631	18	11	19419	0.0	0.0	0.0	False	Peak not high enough
https://www.politifact.com/factchecks/2022/apr/13/rebecca-kleefisch/kleefisch-didnt-have-power-cut-taxes-her-own-lieut/	20220328	Rebecca Kleefisch	Rebecca Kleefisch	stated on March 28, 2022 in TV ad:	“As your Lieutenant Governor…I cut your taxes.”	April 13, 2022	Economy;Taxes;Wisconsin;Rebecca Kleefisch	Mostly False	"(Rebecca Kleefisch, Youtube, March 28, 2022)[https://www.youtube.com/watch?v=KO_Dkmm8hJU]<source-sep>(PolitiFact, ""Scott Walker’s big re-election tax cut tout: $8 billion during his time as Wisconsin governor,"" June 22, 2018)[https://www.politifact.com/factchecks/2018/jun/22/scott-walker/scott-walkers-big-re-election-tax-cut-tout-8-billi/]<source-sep>(Email conversation with John Witte, professor UW-Madison, April 4, 2022)[]<source-sep>(Email conversation with Alec Zimmerman, communications director for Kleefisch campaign, April 5, 2022)[]<source-sep>(Wisconsin State Journal, ""Once ‘radioactive,’ Rebecca Kleefisch has become a ‘trusted ally and lieutenant,"" April 1, 2014)[https://madison.com/wsj/news/local/govt-and-politics/once-radioactive-rebecca-kleefisch-has-become-a-trusted-ally-and-lieutenant/article_669278ee-0936-520f-9b04-402043fadd30.html]<source-sep>(Conversation with Richard Chandler, April 11, 2022)[]"	1	202203	1052	7	1	19255	0.0	0.0	0.0	False	A peak on the day before or after
https://www.politifact.com/factchecks/2022/mar/29/david-perdue/georgias-david-perdue-said-elections-were-stolen-h/	20220325	David Perdue	David Perdue	stated on March 25, 2022 in a radio interview:	The 2021 Georgia Senate runoff and the 2020 presidential election “were stolen.”	March 29, 2022	Georgia;National;Congress;Elections;David Perdue	Pants on Fire!	(Atlanta Journal-Constitution reporter Greg Bluestein, Tweet, March 25, 2022)[https://twitter.com/bluestein/status/1507356422987829254]<source-sep>(Fox 5 Atlanta, Fox News Poll: Kemp shows wider lead over Perdue in GOP primary race for governor, March 8, 2022)[https://www.fox5atlanta.com/news/fox-news-poll-kemp-leads-perdue-in-republican-gubernatorial-primary-race]<source-sep>(Atlanta Journal-Constitution, Kemp presses Perdue to quit race amid ‘lackluster’ fundraising, Feb. 9, 2022)[https://www.ajc.com/politics/politics-blog/kemp-presses-perdue-to-quit-race-amid-lackluster-fundraising/675JGEQMOZEAXAFRLYJRMF5AFY/]<source-sep>(Atlanta Journal-Constitution, Inside the runoff flips: How Ossoff and Warnock pulled off epic victories, Jan. 9, 2021)[https://www.ajc.com/politics/politics-blog/inside-the-runoff-flips-how-ossoff-and-warnock-pulled-off-epic-victories/HMGWMOCWSRBFFN25UBBIZMNEAY/]<source-sep>(Politico, Results of Georgia Senate runoff, January 2021)[https://www.politico.com/2020-election/results/georgia/senate-runoff-map-perdue-ossoff-20210105/]<source-sep>(Stephen Fowler, Twitter thread of Trump rally in Georgia, March 16, 2022)[https://twitter.com/stphnfwlr/status/1507835875945861126]<source-sep>(Georgia Public Radio, Who Stayed Home More In Georgia's Senate Runoffs? Rural White Republicans, April 22, 2021)[https://www.gpb.org/news/2021/04/22/who-stayed-home-more-in-georgias-senate-runoffs-rural-white-republicans]<source-sep>(Georgia Public Radio, GBI says GOP's cellphone data lacks enough evidence to prove ballot harvesting, Oct. 22, 2021)[https://www.gpb.org/news/2021/10/22/gbi-says-gops-cellphone-data-lacks-enough-evidence-prove-ballot-harvesting]<source-sep>(Atlanta Journal-Constitution, Perdue welcomes Trump to Georgia by embracing ‘stolen’ election lie, March 26, 2022)[https://www.ajc.com/politics/politics-blog/perdue-welcomes-trump-to-georgia-by-embracing-stolen-election-lie/XOXKLRSWY5DX5LGTD53BFEKNAI/]<source-sep>(AP, Trump returns to Georgia confronting test of his grip on GOP, March 26, 2022)[https://www.wtxl.com/news/georgia-news/trump-returns-to-georgia-confronting-test-of-his-grip-on-gop]<source-sep>(Atlanta Journal-Constitution, Judge’s ruling hinders push for Fulton ballot review, June 25, 2021)[https://www.ajc.com/politics/judge-dismisses-most-of-case-seeking-fulton-ballot-review/OHQX5I4PPBGNNLIYPL6KPPFZTU/]<source-sep>(AP, Investigators: No evidence of Fulton County ballot fraud, Oct. 12, 2021)[https://apnews.com/article/atlanta-georgia-lawsuits-elections-general-elections-a8d1f6616912cdaee2505a5f16285b38]<source-sep>(Atlanta Journal-Constitution reporter Greg Bluestein, Flipped: How Georgia Turned Purple and Broke the Monopoly on Republican Power, March 22, 2022)[https://www.amazon.com/Flipped-Georgia-Turned-Monopoly-Republican/dp/0593489152]<source-sep>(Georgia Secretary of State, State Election Board Refers Voter Fraud Cases for Prosecution, Feb. 11, 2021)[https://sos.ga.gov/news/state-election-board-refers-voter-fraud-cases-prosecution]<source-sep>(Email interview, Bryan P. Tyson, Taylor English Duma LLP, March 28, 2022)[]<source-sep>(Email interview, Ari Schaffer, spokesperson for Georgia Secretary of State Brad Raffensperger, March 28, 2022)[]<source-sep>(Telephone interview, Don Samuel, lawyer representing Fulton County election officials, March 28, 2022)[]	1	202203	331	3	4	19419	0.0	0.0	0.0	False	Peak not high enough
https://www.politifact.com/factchecks/2022/mar/17/kari-lake/arizona-gop-candidate-kari-lake-wrongly-says-jan-6/	20220313	Kari Lake	Kari Lake	stated on March 13, 2022 in an interview with 60 Minutes Australia:	Jan. 6 defendants “are being held in prison without being charged.”	March 17, 2022	Arizona;Elections;Jan. 6;Kari Lake	False	(Rumble, 60 Minutes Australia interview with Kari Lake, Arizona Republican primary candidate for governor, Feb. 10, 2022)[https://rumble.com/vulytk-kari-lake-vs-lunatic-journalist-at-60-minutes-australia.html]<source-sep>(Digg, Clip of 60 Minutes Australia interview with Kari Lake, March 14, 2022)[https://digg.com/video/watch-arizona-gubernatorial-candidate-kari-lake-storm-out-of-an-interview-with-60-minutes-australia-after-being-asked-about-january-6]<source-sep>(60 Minutes Australia, The second coming of Donald Trump: Can he become president again? March 13, 2022)[https://www.youtube.com/watch?v=bU4JKV9Opt0]<source-sep>(U.S. Attorney’s Office, Capitol breach cases, Accessed March 14, 2022)[https://www.justice.gov/usao-dc/capitol-breach-cases]<source-sep>(U.S. Attorney’s Office, 14 Months Since the Jan. 6 Attack on the Capitol, March 11, 2022)[https://www.justice.gov/usao-dc/14-months-jan-6-attack-capitol]<source-sep>(CNN, Fact-checking Kari Lake, serial promoter of election lies and early frontrunner in GOP primary for Arizona governor, Oct. 16, 2021)[https://www.cnn.com/2021/10/16/politics/fact-check-kari-lake-arizona-governor-election-lies/index.html]<source-sep>(Kari Lake, Arizona Republican primary candidate for governor, Tweet, Oct. 14, 2021)[https://twitter.com/KariLake/status/1448659624362606597?s=20]<source-sep>(Kari Lake,Tweet, Sept. 14, 2021)[https://twitter.com/KariLake/status/1437643644131893253?s=20]<source-sep>(Twitter, Clip of Kari Lake interview with RSBN, Oct 10, 2021)[https://twitter.com/AccountableGOP/status/1447287064819482625?s=20]<source-sep>(The Dispatch, Fact Checking Kari Lake’s Speech at CPAC, March 1, 2022)[https://factcheck.thedispatch.com/p/fact-checking-kari-lakes-speech-at?s=r]<source-sep>(Politico, Feds admit breaking law with delay in case against alleged Jan. 6 rioter, March 14, 2022)[https://www.politico.com/news/2022/03/14/feds-admit-breaking-law-with-delay-in-case-against-alleged-jan-6-rioter-00017003]<source-sep>(Politico, Trump suggests he might pardon some Jan. 6 defendants, Jan. 30, 2022)[https://www.politico.com/news/2022/01/30/trump-pardon-jan6-defendants-00003450]<source-sep>(AP, Jan. 6 defendants have been charged with crimes, Feb. 11, 2022)[https://apnews.com/article/fact-checking-764100273142]<source-sep>(Fox10 Phoenix, Arizona governor's race: A look at who's vying for the spot and their plans if elected, Feb. 2, 2022)[https://www.fox10phoenix.com/election/arizona-governors-race-a-look-at-whos-vying-for-the-spot-and-their-plans-if-elected]<source-sep>(PolitiFact, Johnson falsely says unvaccinated people around the world are being put into 'internment camps,' Dec. 13, 2021)[https://www.politifact.com/factchecks/2021/dec/13/ron-johnson/johnson-falsely-says-unvaccinated-people-around-wo/]<source-sep>(U.S. Attorney’s Office in D.C., Statement to PolitiFact, March 13, 2022)[]<source-sep>(Email and telephone interview, Daniel Richman, Columbia University law professor, March 14, 2022)[]<source-sep>(Email interview, Bruce Green, Fordham University law professor, March 14, 2022)[]<source-sep>(Email interview, ​L.C. Herbert, Howard University law professor, March 14, 2022)[http://law.howard.edu/faculty-staff/lenese-herbert]	0	202203	4566	31	10	152122	0.0	0.0	0.0	False	Other (Not suprising enough)
https://www.politifact.com/factchecks/2022/mar/16/charlie-kirk-show/video-clip-beto-orourke-misleads-viewers-removing-/	20220313	Beto O'Rourke	The Charlie Kirk Show	stated on March 13, 2022 in a video:	"""Beto O'Rourke's Plan to Take 'Trans' Children from Parents."""	March 16, 2022	Texas;Facebook Fact-checks;The Charlie Kirk Show	False	"(Ballotpedia, ""Beto O'Rourke,"" accessed March 16, 2022)[https://ballotpedia.org/Beto_O%27Rourke]<source-sep>(Gov. Greg Abbott, ""Letter,"" Feb. 22, 2022)[https://gov.texas.gov/uploads/files/press/O-MastersJaime202202221358.pdf]<source-sep>(PolitiFact, ""Charlie Kirk,"" accessed March 16, 2022)[https://www.politifact.com/personalities/charlie-kirk/]<source-sep>(PolitiFact, ""Fact-checking Texas Republicans on blackout blame,"" Feb.18, 2021)[https://www.politifact.com/article/2021/feb/18/fact-checking-texas-republicans-blackout-blame/]<source-sep>(PolitiFact, ""The Charlie Kirk Show,"" accessed March 16, 2022)[https://www.politifact.com/personalities/charlie-kirk-show/]<source-sep>(Rumble, ""Beto O'Rourke's Plan to Take ""Trans"" Children from Parents,"" March 13, 2022)[https://archive.ph/r7tmd]<source-sep>(South by Southwest, accessed March 16, 2022)[https://www.sxsw.com]<source-sep>(The Texas Tribune, ""Evan Smith,"" accessed March 16, 2022)[https://www.texastribune.org/about/staff/evan-smith/]<source-sep>(The Texas Tribune, ""Transgender Texas kids are terrified after governor orders that parents be investigated for child abuse,"" Feb. 28, 2022)[https://www.texastribune.org/2022/02/28/texas-transgender-child-abuse/]<source-sep>(The Texas Tribune, ""​​Texas’ child welfare agency ordered to investigate trans kids’ families has been in crisis for years,"" March 11, 2022)[https://www.texastribune.org/2022/03/11/texas-dfps-trans-teens/]<source-sep>(U.S. Department of Health and Human Services, ""Statement by HHS Secretary Xavier Becerra Reaffirming HHS Support and Protection for LGBTQI+ Children and Youth,"" March 2, 2022)[https://www.hhs.gov/about/news/2022/03/02/statement-hhs-secretary-xavier-becerra-reaffirming-hhs-support-and-protection-for-lgbtqi-children-and-youth.html]<source-sep>(Washington Post, ""Texas isn’t the only state denying essential medical care to trans youths. Here’s what’s going on,"" March 10, 2022)[https://www.washingtonpost.com/politics/2022/03/10/texas-trans-kids-abortion-lgbtq-gender-ideology/]"	0	202203	22720	123	86	450800	0.0	0.0	0.0	False	Attack from others
https://www.politifact.com/factchecks/2022/mar/25/rebecca-kleefisch/yes-evers-gave-covid-relief-money-planned-parentho/	20220309	Tony Evers	Rebecca Kleefisch	stated on March 9, 2022 in Campaign email:	"Says Gov. Tony Evers gave $2.4 million in COVID relief money to Planned Parenthood affiliates throughout Wisconsin “to bail them out and fund abortions."""	March 25, 2022	Health Care;Public Health;Wisconsin;Coronavirus;Rebecca Kleefisch	Mostly False	"(Milwaukee Journal Sentinel, ""Planned Parenthood of Wisconsin, Milwaukee Habitat for Humanity receive historic donations,"" March 23, 2022)[https://www.jsonline.com/story/news/health/2022/03/23/mackenzie-scott-philanthropy-brings-millions-wisconsin-nonprofit-planned-parenthood-habitat-humanity/7132860001/]<source-sep>(CBS News, ""Gov. Scott Walker signs legislation slashing Planned Parenthood funding,"" Feb. 18, 2016)[https://www.cbsnews.com/news/gov-scott-walker-signs-legislation-slashing-planned-parenthood-funding/]<source-sep>(PolitiFact Wisconsin, Evers-O-Meter: Expand funding for Planned Parenthood, March 30, 2021)[https://www.cbsnews.com/news/gov-scott-walker-signs-legislation-slashing-planned-parenthood-funding/]<source-sep>(Office of the Governor, Gov. Evers invests $10 million in Wisconsin nonprofits, Nov. 3, 2020)[https://content.govdelivery.com/accounts/WIGOV/bulletins/2a9cc87]<source-sep>(Wisconsin Department of Administration, COVID‐19 Pandemic Response Nonprofit Organization Grant Program Awards List, accessed March 24, 2022)[https://doa.wi.gov/DEO/NonprofitGrantAwardsList.pdf]<source-sep>(Wisconsin Department of Administration, Equitable Recovery Grant (Program) – NOTICE OF AWARD, Feb. 8, 202)[https://doa.wi.gov/DEO/Notice%20of%20Award-Equitable%20Recovery.pdf]<source-sep>(Wisconsin Department of Administration, GRANT ANNOUNCEMENT Equitable Recovery Grant Program, accessed March 24, 2022)[https://doa.wi.gov/DEO/Equitable%20Recovery%20Grant%20Announcement%20Updated%20Feb.%208.pdf]<source-sep>(Planned Parenthood 2019-20 annual report, accessed March 24, 2022)[https://www.plannedparenthood.org/uploads/filer_public/67/30/67305ea1-8da2-4cee-9191-19228c1d6f70/210219-annual-report-2019-2020-web-final.pdf]<source-sep>(Planned Parenthood of Wisconsin abortion services locations, accessed March 24, 2022)[https://www.plannedparenthood.org/health-center?location=Wisconsin&service=abortionservice&channel=any]<source-sep>(Email exchange with Mike Murray, vice president of public affairs, Planned Parenthood of Wisconsin)[]<source-sep>(Journal of Law and the Biosciences, How the COVID-19 response is altering the legal and regulatory landscape on abortion, April 29, 2020)[https://www.ncbi.nlm.nih.gov/pmc/articles/PMC7197555/]"	1	202203	894	6	0	20517	0.0	0.0	0.0	False	Peak not high enough
https://www.politifact.com/factchecks/2022/feb/24/don-huffines/primary-texas-governor-misleading-claim-about-greg/	20220212	Greg Abbott	Don Huffines	stated on February 12, 2022 in an ad:	“Under Greg Abbott’s leadership, Texas is putting taxpayer dollars into Chinese companies.”	February 24, 2022	China;Pensions;State Budget;Texas;Ad Watch;Don Huffines	Mostly False	"(Facebook, Don Huffines ad on Greg Abbott and China, Feb. 10, 2022 to Feb. 11, 2022)[https://www.facebook.com/ads/library/?id=1676745246020499]<source-sep>(San Antonio Express-News, ""Texas invests over $9 billion in China despite ‘hostile nation’ rhetoric from GOP leaders,"" Feb. 10, 2022; updated Feb. 12, 2022 )[https://www.expressnews.com/news/legislature/article/Texas-invests-billions-in-China-despite-16845643.php?fbclid=IwAR1PYmF_8_GweqQFwjXeQBkwn8JsTIhZaOrLC1uet_V8yKa_tKYXr5YQAU8]<source-sep>(Texas A&M University Private Enterprise Research Center, ""Texas Pension Woes,"" April 2021)[https://perc.tamu.edu/perc/media/perc/policy%20study/policy_study_2103.pdf?ext=.pdf]<source-sep>(Email, economics professor Dennis Jansen, director of the Private Enterprise Research Center at Texas A&M University, Feb. 22, 2022)[]<source-sep>(Email, John Diamond, director of the Center for Public Finance at Rice’s Baker Institute for Public Policy, Feb. 21, 2022)[]<source-sep>(Pensions & Investments, ""Texas County & District commits $40 million to China-focused funds,"" March 17, 2021)[https://www.pionline.com/searches-and-hires/texas-county-district-commits-40-million-china-focused-funds]<source-sep>(Texas statutes, ""Teacher Retirement System Of Texas,"" accessed Feb. 22, 2022)[https://statutes.capitol.texas.gov/Docs/GV/htm/GV.825.htm]<source-sep>(Employees Retirement System of Texas, ""ERS Trustees,"" accessed Feb. 22, 2022)[https://www.ers.texas.gov/About-ERS/ERS-Board-of-Trustees/Members]<source-sep>(Texas Municipal Retirement System, ""Trustees,"" accessed Feb. 22, 2022)[https://www.tmrs.com/governance.php]<source-sep>(Texas Emergency Services Retirement System, ""Board of Trustees,"" accessed Feb. 22, 2022)[https://www.tesrs.org/the-board-of-trustees]<source-sep>(Texas County & District Retirement System, ""Strength in Numbers,"" accessed Feb. 22, 2022)[https://www.tcdrs.org/investments/]<source-sep>(Texas County & District Retirement System, ""Executive Leadership,"" accessed Feb. 22, 2022)[https://www.tcdrs.org/about-us/leadership/]<source-sep>(Texas County & District Retirement System, ""TCDRS Investment Managers,"" accessed Feb. 22, 2022)[https://www.tcdrs.org/library/investment-managers/]<source-sep>(Texas County & District Retirement System, ""TCDRS Investment Policy,"" Dec. 2, 2021)[https://www.tcdrs.org/globalassets/policy-documents/tcdrs-investment-policy.pdf]<source-sep>(Texas County & District Retirement System, ""Our Oversight & Guidance,"" accessed Feb. 22, 2022)[https://www.tcdrs.org/about-us/governance/]"	0	202202	4022	17	138	296004	0.0	0.0	0.0	False	Peak not high enough
https://www.politifact.com/factchecks/2022/feb/18/ron-desantis/fact-checking-ron-desantis-claim-us-process-smuggl/	20220207	Ron DeSantis	Ron DeSantis	stated on February 7, 2022 in a news conference:	Says the Biden administration’s Unaccompanied Alien Children process has “no vetting, no transparency.”	February 18, 2022	Immigration;Florida;Ron DeSantis	Mostly False	(Ron DeSantis, news release, Feb. 7, 2022)[https://flgov.com/2022/02/07/governor-ron-desantis-faith-leaders-and-pedro-pans-biden-border-crisis-is-harming-children/]<source-sep>(Ron DeSantis, Legislative proposal on Biden Border Policy, Dec. 10, 2021)[https://www.flgov.com/wp-content/uploads/2021/12/Biden-Border-Crisis.pdf]<source-sep>(Office of Refugee Settlement, Children Entering the United States Unaccompanied)[https://www.acf.hhs.gov/orr/policy-guidance/children-entering-united-states-unaccompanied]<source-sep>(U.S. Department of Health and Human Services, Unaccompanied Alien Children: A Processing Flow Chart)[https://oig.hhs.gov/reports-and-publications/featured-topics/uac/uac-flowchart.pdf]<source-sep>(U.S. Department of Health and Human Services, Unaccompanied Children Released to Sponsors by State, accessed in 2021)[https://www.acf.hhs.gov/orr/grant-funding/unaccompanied-children-released-sponsors-state]<source-sep>(U.S. Department of Health and Human Services, Unaccompanied Children (UC) Program fact sheet)[https://www.hhs.gov/sites/default/files/uac-program-fact-sheet.pdf]<source-sep>(Congress, Summary of William Wilberforce Trafficking Victims Protection Reauthorization Act of 2008)[https://www.congress.gov/bill/110th-congress/house-bill/7311?q=%7B%22search%22%3A%5B%22William+Wilberforce+Trafficking+Victims+Protection+Reauthorization+Act+of+2008%22%5D%7D&r=1]<source-sep>(U.S. Customs and Border Protection, El Paso Sector Border Patrol Shows Increase in Migrant  Adults Posing as Unaccompanied Children, accessed on Nov. 11, 2021)[https://drive.google.com/file/d/1ItGj6vbELWN5LJPdoFqtU15k8d1-S-vm/view]<source-sep>(Arrest and booking report of Yery Noel Medina Ulloa)[https://drive.google.com/file/d/14cqvAbSPwcHLajbnUcca_MVY2leeA1un/view]<source-sep>(U.S. Department of Homeland Security, Homeland Security Act of 2002)[https://www.dhs.gov/sites/default/files/publications/hr_5005_enr.pdf]<source-sep>(Congressional Research Service Report, Unaccompanied Alien Children: An Overview, updated Sept. 2021)[https://sgp.fas.org/crs/homesec/R43599.pdf]<source-sep>(Axios, Government can't reach one-in-three released migrant kids, Sept. 1, 2021)[https://www.axios.com/migrant-children-biden-administration-a597fd98-03a7-415c-9826-9d0b5aaba081.html]<source-sep>(Federal Register, Collection and Use of Biometrics by U.S. Citizenship and Immigration Services, Sept. 11, 2020)[https://www.federalregister.gov/documents/2020/09/11/2020-19145/collection-and-use-of-biometrics-by-us-citizenship-and-immigration-services]<source-sep>(U.S. Centers for Disease Prevention and Control, order suspending introduction of certain persons from countries where a communicable disease exists, Mar. 20, 2020)[https://www.cdc.gov/quarantine/pdf/CDC-Order-Prohibiting-Introduction-of-Persons_Final_3-20-20_3-p.pdf]<source-sep>(Email interview with Christina Pushaw, DeSantis press secretary, Feb. 14, 2022)[https://mobile.twitter.com/christinapushaw?lang=en]<source-sep>(Email interview with Tammy Melvin, spokesperson for the U.S. Customs and Border Protection, Feb. 15, 2022)[/cdn-cgi/l/email-protection#5b2f3a363622752f75363e372d32351b38392b753f3328753c342d]<source-sep>(Email interview with Jorge Silva, Deputy Assistant Secretary for Public Affairs for Human Services, Feb. 15, 2022)[]<source-sep>(Email interview with David Kyle, associate professor of sociology at the University of California, Davis, Feb. 14, 2022)[]<source-sep>(Phone interview with Guadalupe Correa-Cabrera, associate professor at George Mason University’s Schar School of Policy and Government, Feb. 14, 2022)[https://content.sitemasonry.gmu.edu/profiles/gcorreac]	0	202202	1751	39	7	56550	0.0	0.0	0.0	False	Peak not high enough
https://www.politifact.com/factchecks/2022/feb/04/charlie-crist/charlie-crist-overstates-claim-about-millions-expi/	20220128	Ron DeSantis	Charlie Crist	stated on January 28, 2022 in an ad:	"Ron DeSantis let ""millions of COVID-19 tests expire."""	February 4, 2022	Public Health;Florida;Ad Watch;Coronavirus;Charlie Crist	Mostly False	"(Facebook, Charlie Crist ""I’m Charlie Crist, and I’m sick of Ron DeSantis"" ad, ID: 2276961485777312, started running Jan. 28, 2022; ended Feb. 3, 2022)[https://www.facebook.com/ads/library/?active_status=all&ad_type=political_and_issue_ads&country=US&id=2276961485777312&view_all_page_id=147447783311&search_type=page&media_type=all]<source-sep>(Facebook, revised Charlie Crist ad, posted Feb. 3, 2022)[https://www.facebook.com/ads/library/?id=450473706616731]<source-sep>(Email, Jeremy Redfern, press secretary, Florida Department of Health, Feb. 2, 2022)[]<source-sep>(Email, Charlie Crist campaign press secretary Sam Ramirez, Feb. 2, 2022)[]<source-sep>(Interview, Charlie Crist campaign spokesperson Joshua Karp, Feb. 3, 2022)[]<source-sep>(Interview, Nikki Fried, Feb. 3, 2022)[]<source-sep>(Tampa Bay Times, ""Florida can still use those 1 million expired COVID-19 tests, after all,"" Jan. 11, 2022)[https://www.tampabay.com/news/florida-politics/2022/01/11/florida-can-still-use-those-1-million-expired-covid-19-test-kits-after-all/]<source-sep>(Tampa Bay Times, ""Tampa Bay residents line up at public sites for free COVID tests without appointments,"" Dec. 28, 2021)[https://www.tampabay.com/news/health/2021/12/28/tampa-bay-residents-line-up-at-public-sites-for-free-covid-tests-without-appointments/]<source-sep>(Associated Press, ""Long Lines, Waits at COVID-19 Testing Sites in Florida,"" Dec. 26, 2021)[https://www.usnews.com/news/best-states/florida/articles/2021-12-26/long-lines-waits-at-covid-19-testing-sites-in-florida]<source-sep>(Newsweek, ""Video Showing Huge Queue in Florida for COVID Tests Goes Viral as Omicron Hits U.S.,"" Dec. 17, 2021)[https://www.newsweek.com/florida-covid-19-testing-site-drive-thru-queue-lines-omicron-variant-1660455]<source-sep>(Johns Hopkins University, Florida coronavirus overview, accessed Feb. 1, 2022)[https://coronavirus.jhu.edu/region/us/florida]<source-sep>(South Florida Sun Sentinel, ""DeSantis plays fast and loose with COVID facts to justify expired tests,"" Jan. 13, 2022)[https://www.sun-sentinel.com/opinion/editorials/fl-op-edit-desantis-coronavirus-tests-20220113-u46y776pxvdare5zss7nhvpije-story.html]<source-sep>(U.S. Food and Drug Administration, letter to Abbott, Jan. 7, 2022)[https://www.fda.gov/media/155325/download]<source-sep>(U.S. Food and Drug Administration, ""Expiration Dating Extension,"" Dec. 21, 2021)[https://www.fda.gov/emergency-preparedness-and-response/mcm-legal-regulatory-and-policy-framework/expiration-dating-extension#manufacturer]<source-sep>(U.S. Food and Drug Administration, ""BinaxNOWTM COVID-19 Ag CARD,"" accessed Feb. 3, 2022)[https://www.fda.gov/media/147259/download]<source-sep>(News4Jax.com, ""1M expired COVID tests to be used in Florida after FDA grants new extension, DeSantis says,"" Jan. 12, 2022)[https://www.news4jax.com/news/florida/2022/01/12/1m-expired-covid-tests-to-be-used-in-florida-after-fda-grants-new-extension-desantis-says/]<source-sep>(Florida Department of Agriculture and Consumer Services, Nikki Fried statement, Dec. 30, 2021)[https://www.fdacs.gov/News-Events/Press-Releases/2021-Press-Releases/Statement-by-Commissioner-Nikki-Fried-on-State-Stockpile-of-Expiring-COVID-19-Tests]<source-sep>(CBS News, ""1 million COVID tests that expired in a Florida warehouse get FDA approval for use,"" updated Jan. 14, 2022)[https://www.cbsnews.com/news/covid-tests-expired-florida-fda-approves-use/]<source-sep>(NBC News, ""DeSantis confirms as many as 1 million Covid tests expired in state stockpile,"" Jan. 7, 2022)[https://www.nbcnews.com/politics/politics-news/desantis-confirms-many-1-million-covid-tests-expired-state-stockpile-n1287174]<source-sep>(WFLA, ""Gov. DeSantis: Up to 1 million COVID test kits expired in Florida warehouse due to low demand, not negligence,"" posted Jan. 6, 2022, updated Jan. 7, 2022 )[https://www.wfla.com/8-on-your-side/gov-desantis-up-to-1-million-covid-test-kits-expired-in-florida-warehouse-due-to-low-demand-not-negligence/]<source-sep>(YouTube, WPTV post of news conference excerpt, Jan. 6, 2022)[https://www.youtube.com/watch?v=9MY_6gWYSa8]"	1	202201	2869	27	52	105664	0.0	0.0	0.0	False	Attack from others
https://www.politifact.com/factchecks/2022/feb/11/kevin-nicholson/wisconsin-gop-gubernatorial-candidate-kevin-nichol/	20220128	Kevin Nicholson	Kevin Nicholson	stated on January 28, 2022 in Twitter:	"""The use of ballot drop boxes and ballot harvesting is illegal.”"	February 11, 2022	National;Elections;Legal Issues;Wisconsin;Kevin Nicholson	Mostly False	"(Twitter, Kevin Nicholson, Jan. 28, 2022)[https://twitter.com/KevinMNicholson/status/1487236384393998338?cxt=HHwWhMC5zZTn3KMpAAAA]<source-sep>(Twitter, Kevin Nicholson, Feb. 2, 2022)[https://twitter.com/KevinMNicholson/status/1488916359438286856?cxt=HHwWkICyicri2KkpAAAA]<source-sep>(Email, staff, Kevin Nicholson, Feb. 2, 2022)[]<source-sep>(Email, Legislative Reference Bureau, Feb. 3, 2022)[]<source-sep>(Email, Claire Woodall-Vogg, executive director of the Milwaukee Election Commission, Feb. 4, 2022)[]<source-sep>(Email, Professor Barry Burden, University of Wisconsin-Madison Elections Research Center, Feb. 4, 2022.)[]<source-sep>(Email, Riley Vetterkind, Wisconsin Elections Commission, Feb. 7, 2022.)[]<source-sep>(New York Times ""Presidential Election Results: Biden Wins,"" Nov. 3, 2020.)[https://www.nytimes.com/interactive/2020/11/03/us/elections/results-president.html]<source-sep>(PolitiFact Wisconsin, ""Was ‘Democracy in the Park’ illegal?,"" March 10, 2021 )[https://www.politifact.com/article/2021/mar/10/was-democracy-park-illegal/]<source-sep>(National Conference of State Legislatures, ""Ballot Collection Laws,"" Jan. 6, 2022)[https://www.ncsl.org/research/elections-and-campaigns/vopp-table-10-who-can-collect-and-return-an-absentee-ballot-other-than-the-voter.aspx]<source-sep>(Wisconsin Legislature ""Prohibited Election Practices"")[https://docs.legis.wisconsin.gov/statutes/statutes/12/13]<source-sep>(Wisconsin Court System Supreme Court  and Court of Appeals Access """"Richard Teigen v. Wisconsin Elections Commission"")[https://wscca.wicourts.gov/appealHistory.xsl?caseNo=2022AP000091&cacheId=E1AD15A7F683EB361365795C64D83964&recordCount=1&offset=0&linkOnlyToForm=false&sortDirection=DESC]<source-sep>(Wisconsin Elections Commission, "" FAQs: Absentee Ballot Return Options: USPS Coordination and Drop Boxes, March 20, 2020.)[https://elections.wi.gov/sites/elections/files/2020-03/Ballot%20Return%20Options%203.31.2020.pdf]<source-sep>(USA Today ""Judge rules absentee ballot drop boxes can't be used in Wisconsin any longer"", Jan. 13, 2022 )[https://www.usatoday.com/story/news/politics/2022/01/13/judge-bars-use-absentee-ballot-drop-boxes-wisconsin/6520267001/]<source-sep>(UW Madison Elections Research Center )[https://elections.wisc.edu/]<source-sep>(Wisconsin Elections Commission Meeting Minutes, March 11, 2019)[https://elections.wi.gov/sites/elections/files/2019-03/Open%20Session%20Commission%20Meeting%20Materials%20AMENDED%203.11.2019.pdf]<source-sep>(Milwaukee Journal Sentinel ""An appeals court has reinstated absentee ballot drop boxes for the Feb. 15 Wisconsin primary election,"" Jan. 24, 2022)[https://www.jsonline.com/story/news/politics/elections/2022/01/24/appeals-court-reinstates-absentee-ballot-drop-boxes-feb-15-vote/6636010001/]<source-sep>(Milwaukee Journal Sentinel ""Wisconsin Supreme Court allows ballot drop boxes for February spring primary, will decide later on future elections, Jan. 28, 2022.)[https://www.jsonline.com/story/news/politics/elections/2022/01/28/wisconsin-supreme-court-leaves-ballot-drop-boxes-place-now/9261431002/]<source-sep>(WWAYTV3 ""McCrae Dowless sentenced for social security fraud,"" Sept. 2, 2021)[https://www.wwaytv3.com/mccrae-dowless-sentenced-for-social-security-fraud/]<source-sep>(Wisconsin Watch ""Search for a ballot drop box in your community using this tool"" Oct. 27, 2020)[https://wisconsinwatch.org/2020/10/Wisconsin-absentee-ballot-drop-box-search/]<source-sep>(The New York Times ""Election Fraud in North Carolina Leads to New Charges for Republican Operative,"" July 30, 2019.)[https://www.nytimes.com/2019/07/30/us/mccrae-dowless-indictment.html]"	0	202201	146	4	0	1533	0.0	0.0	0.0	False	A peak on the day before or after
https://www.politifact.com/factchecks/2022/jan/10/tom-suozzi/suozzi-calling-hochul-interim-governor-s-misleadin/	20220104	Tom Suozzi	Tom Suozzi	stated on January 4, 2022 in a Tweet:	Hochul is an “interim Governor.”	January 10, 2022	New York;Tom Suozzi	Pants on Fire!	"(Twitter, tweet, @Tom_Suozzi, Jan. 4, 2022.  )[https://twitter.com/Tom_Suozzi/status/1478363631347769346?s=20]<source-sep>(Twitter, tweet, @morganfmckay, Dec. 23, 2021. )[https://twitter.com/morganfmckay/status/1474045291871584256?s=20]<source-sep>(Phone conversation, Christopher Bopst, partner at Wilder & Linneball, LLP, Jan. 4, 2022. )[https://www.wilderandlinneball.com/christopher-bopst-special-counsel]<source-sep>(New York State Constitution, Article 4, Section 5, via nysenate.gov. Accessed Jan. 5, 2022. )[https://www.nysenate.gov/new-york-state-constitution]<source-sep>(Email conversation, James A. Gardner, Bridget and Thomas Black SUNY Distinguished Professor of Law, Research Professor of Political Science, University at Buffalo School of Law, Jan. 4, 2022. )[http://www.buffalo.edu/news/experts/james-gardner-faculty-expert-election-law.html]<source-sep>(Phone conversation, Patrick Woods, deputy director, Government Law Center, Albany Law School, Jan. 4, 2022. )[https://www.albanylaw.edu/government-law-center/news/patrick-woods-12-named-new-deputy-director-government-law-center-albany]<source-sep>(Phone, email conversations, Kim Devlin, senior advisor, Suozzi for New York campaign, Jan. 5, 2022. )[]<source-sep>(Phone conversation, Peter J. Galie, emeritus professor of political science, Canisius College, Jan. 5, 2022. )[https://www.canisius.edu/about/news-and-events/news/american-constitutional-rights-focus-new-book-canisius-college-professor]<source-sep>(Rolling Stone, ""Cuomo to Resign Following Sexual Misconduct Report. Hochul to Become New York’s First Female Governor,"" Aug. 10, 2021. Accessed Jan. 5, 2022. )[https://www.rollingstone.com/politics/politics-news/andrew-cuomo-resignation-sexual-misconduct-kathy-hochul-1210241/]<source-sep>(Bloomberg, ""New York’s First Female Governor Must Clean Up After Cuomo Fallout,"" Aug. 10, 2021. Accessed Jan. 5, 2022. )[https://www.bloomberg.com/news/articles/2021-08-10/n-y-s-first-female-governor-must-clean-up-after-cuomo-fallout]"	0	202201	134	9	0	3209	0.0	0.0	0.0	False	Peak not high enough
https://www.politifact.com/factchecks/2022/jan/19/blog-posting/bogus-claims-about-gavin-newsom-being-executed-clo/	20220103	Gavin Newsom	Bloggers	stated on January 3, 2022 in a blog post:	“Gavin Newsom Gets Death Penalty.”	January 19, 2022	Fake news;Facebook Fact-checks;Bloggers	Pants on Fire!	"(Real Raw News, ""Gavin Newsom Gets Death Penalty,"" Jan. 3, 2022)[https://archive.is/qthAy]<source-sep>(Real Raw News, ""Gavin Newsom Military Tribunal: Day I,"" Dec. 30, 2021)[https://archive.is/B0ZNe#selection-809.0-814.0]<source-sep>(Real Raw News, ""Gavin Newsom’s Christmas Present: A Military Tribunal,"" Nov. 23, 2021)[https://archive.is/HG5pP#selection-821.0-826.0]<source-sep>(Real Raw News, ""Deep State Unveils Newsom Doppelganger,"" Nov. 9, 2021)[https://archive.is/voH96#selection-815.0-820.0]<source-sep>(Real Raw News, ""Gavin Newsom Awakens from Vaccine Coma – At GITMO,"" Nov. 9, 2021)[https://archive.is/1P3tp#selection-809.0-814.0]<source-sep>(Real Raw News, ""Military Arrests Bedridden Gavin Newsom,"" Nov. 7, 2021)[https://archive.is/Zn8zB#selection-821.0-826.0]<source-sep>(Real Raw News, ""Military Indicts Venal Gavin Newsom,"" July 20, 2021)[https://archive.is/df40c#selection-815.0-820.0]<source-sep>(PolitiFact, ""No, the military didn’t arrest Gov. Gavin Newsom,"" Nov. 11, 2021)[https://www.politifact.com/factchecks/2021/nov/11/blog-posting/no-military-didnt-arrest-gov-gavin-newsom/]<source-sep>(PolitiFact, ""Hangings, guillotines and Gitmo: Going behind Real Raw News’ sensational (and fabricated) headlines,"" Sept. 24, 2021)[https://www.politifact.com/article/2021/sep/24/hangings-guillotines-and-gitmo-going-behind-real-r/]"	0	202201	5599	14	15	228801	0.0	0.0	0.0	False	Attack from others
